Formula,High-EI 2014,High-EI 2015,High-EI 2016,High-EI 2017,High-EI 2018,High-EI 2019,High-EI 2020,Low-EI 2015,Low-EI 2016,Low-EI 2017,Low-EI 2018,Low-EI 2019,Low-EI 2020
C17H19N4O10P,0,0,0,0,0,0,372.3333333333,0,0,0,15976,22875.6666666667,54832.6666666667
C17H21N4O9P,0,0,0,0,0,9069.1666666667,19337.8333333333,0,0,13713,121181.666666667,126918.333333333,339727.166666667
C23H20O11,0,15623,0,11645.5,1683.4444444445,27348.8333333333,75293.5,0,0,29631.5,267233,358718,891132.666666667
C8H8O5,0,0,0,0,0,0,0,0,0,0,0,20105.6666666667,62970
C19H25N5O4,0,0,0,0,0,0,0,0,0,0,20311.3333333333,0,11478
C2H8NO3P,0,0,0,0,0,0,0,0,0,0,0,7849.3333333333,19858.3333333333
C9H10O5,0,0,0,0,0,1443.1666666667,0,0,0,0,0,10566.8333333333,31615.6666666667
C8H6O4,0,0,0,0,0,680,2399.6666666667,0,0,0,12690.7777777778,27687.6666666667,28877.5555555556
C16H25NO10,0,0,0,0,0,0,0,0,0,0,0,0,37440.6666666667
C23H16O11,0,0,0,0,0,0,0,0,0,0,0,0,18063.3333333333
C24H22O11,0,0,0,0,0,0,0,0,0,0,0,0,9242.6666666667
C24H46O4,0,0,0,0,0,0,0,0,0,0,0,0,2742
C20H20O8,0,0,0,0,0,0,0,0,0,0,0,0,8387.3333333333
C8H9NO,0,0,0,0,13589.6666666667,4228.5,10122.8333333333,0,0,0,44561.5,11981.6666666667,53187.8333333333
C25H24O9,0,0,0,0,0,0,9350,0,0,0,12186.3333333333,0,39940
C10H13N5O5,0,0,0,0,0,0,2781.6666666667,0,0,0,0,0,27509
C5H11N3O2,0,0,0,0,0,6210,7185.6666666667,11225,10553,6652,28547.6666666667,91929,68956
C10H13N5O4,0,0,0,0,1266.3333333333,1867.6666666667,1019,0,0,0,7786,9629.1666666667,7986
C2H4O2Cl2,0,0,0,0,1657.6666666667,0,2218.3333333333,0,0,0,601,0,22667.6666666667
C19H21N5O4,0,0,0,0,4716.3333333333,0,9827,0,0,0,49777,0,33515
C12H21N3O6,7239,6716,0,4236,1439,1317,3790,0,0,4415,10823.3333333333,36680.3333333333,27634.3333333333
C16H16O8,0,0,0,0,0,0,1382,0,0,0,0,0,9608
C10H15N6O6P,0,0,0,0,4830,0,3683,0,0,0,31385.3333333333,0,16061.6666666667
C11H12N2O3,0,0,0,0,0,1627,0,0,0,0,0,7217,7974.6666666667
C20H20O7,0,0,0,0,0,0,2303.3333333333,0,0,0,0,0,11985.6666666667
C14H16O10,85472,66840,21522,34048,130943.333333333,258883,245049.666666667,157328,37035,63117.5,433018.444444445,619097.666666667,695980.666666667
C9H11NO3,0,8640,0,0,86622.3333333333,51226.6666666667,34126.8333333333,13050,8746,17244,229982.666666667,157635.166666667,145461.5
C16H18O8,7071.5714285714,13765.7142857143,8643,4826,15635,22705.5,80058,13896.7142857143,15101,19204,100381,58505.3333333333,141890.5
C14H14O9,0,0,0,0,0,1530.3333333333,0,0,0,0,0,12846.3333333333,9929.6666666667
C14H6O8,0,0,0,0,9907.6666666667,0,10454.6666666667,0,0,0,59991.3333333333,0,26841.6666666667
C21H22O12,0,0,0,0,0,1065.6666666667,8795.6666666667,0,0,0,11550.3333333333,4760.6666666667,15504.3333333333
C16H18O9,0,0,0,0,5915.6666666667,9488.6666666667,33679.3333333333,0,0,0,64363,23273.6666666667,61261
C9H11NO2,26736,39447,12561,30845,250272,532619.666666667,210720.333333333,42771,36776,79585,1501563,1426485.33333333,920374.333333333
C15H14N4O2,0,0,0,0,0,0,2718.6666666667,0,0,0,0,0,9318.6666666667
C21H22O11,0,11477,0,0,7577.6666666667,21191,25391,0,8022,0,42397.1666666667,50999.3333333333,56737.1666666667
C18H30O2,545.5,533.25,0,0,0,0,1684.3333333333,739.5,0,0,0,0,4963.6666666667
C11H16,0,0,0,0,0,0,2772.1666666667,0,0,0,1116.3333333333,0,6891.1666666667
C15H24O,0,0,0,0,2028.5,3873.1666666667,6258.1333333333,0,0,0,6099.6666666667,15823,17807.4666666667
C25H26O7,0,0,0,0,4210.6666666667,1840.6666666667,7087.3333333333,0,0,0,5862.6666666667,9472,17748.6666666667
C27H32O15,0,0,0,0,12341.3333333333,7307.6666666667,14395.3333333333,0,0,0,17491.6666666667,18065,37933.5
C10H11NO4,0,0,0,0,0,0,2772,0,0,0,0,0,7950.6666666667
C12H18O7S,0,0,0,0,0,0,66287,12254,8741,22102,0,0,175989.333333333
C11H15N5O3S,0,0,0,0,23938.6666666667,32983,37837.6666666667,0,0,0,100445.333333333,114699,84132
C8H6O,0,0,0,0,14409.7333333333,16189.3333333333,36927.1111111111,0,0,0,53219.3333333333,37890.4444444444,67452.6666666667
C11H18N2O7,0,0,0,0,4352.3333333333,1482.3333333333,3253.3333333333,0,0,0,2704.3333333333,12040,12366.6666666667
C4H10N2O,0,0,0,0,0,0,906.3333333333,0,0,0,0,0,2236.3333333333
C16H12O8,0,0,0,0,11662.6666666667,0,4172.7777777778,0,0,0,9024.3333333333,12177,14414.1111111111
C6H12N2O,12755,0,0,0,47479.3333333333,82101.6666666667,57079.3333333333,10492,16539,14084,113599,282488.333333333,184424.666666667
C18H23N5O6,0,0,0,0,0,0,0,0,0,0,5345.6666666667,0,0
C15H28O11,0,0,0,0,0,0,0,0,0,0,6864.6666666667,0,0
C22H25N2OS,0,0,0,0,0,0,0,0,0,0,7203.6666666667,0,0
C25H22O9,0,0,0,0,0,0,0,0,0,0,20949.3333333333,0,0
C34H48O2,0,0,0,0,0,0,0,0,0,0,9035.3333333333,0,0
C6H4O3,0,0,0,0,0,0,0,0,0,0,4606.3333333333,4305.3333333333,0
C8H16O4,0,0,0,0,13662.6666666667,18945.6666666667,14639,0,4513,3097,31106.6666666667,63292,42645
C7H14N2O3,259560,166837.5,149297.5,212729,2184810.5,2470256.83333333,1895304.66666667,223783.5,444625,474363,3712703.16666667,8209173,5772393.83333333
C9H6O2,4491.6666666667,8663.3333333333,3813,0,84848.5,110093.933333333,152087.904761905,9100.6666666667,0,9573,300571.166666667,204007,255272.904761905
C6H13NO2,10959,19966,0,14024,105839.555555556,258727.833333333,86982.8888888889,31984,40486,64354,411646,701461.166666667,329296.222222222
C15H22,0,0,0,0,786.6666666667,2802.3333333333,4336.8333333333,0,0,0,3340.6666666667,4067.3333333333,8932
C9H9N,0,0,0,0,5985.3333333333,10254.3333333333,5572.3333333333,0,0,0,19766,29705.3333333333,16446
C30H26O13,25150,10526.6666666667,33683,23439.6666666667,66727.2222222222,50693.3333333333,49442.4666666667,12142.3333333333,19819,19864.6666666667,123595.444444444,47251.8888888889,92587.8666666667
C10H15N4O9P,0,0,0,0,782,0,0,0,0,0,11586.6666666667,0,0
C14H12O5,0,0,0,0,4195.8333333333,10491,974.6666666667,0,0,0,8260.8333333333,8410.6666666667,11751
C20H18O9,0,0,0,0,1496,8944,9388.1666666667,0,0,0,6595.5,11507.8333333333,21871.6666666667
C16H14O4S2,0,0,0,0,15062,0,5918.6666666667,0,0,0,18992,0,16164.6666666667
C20H18O10,0,0,0,0,15240.6666666667,21265.1111111111,33823.6666666667,0,0,0,44617.8333333333,33207.8888888889,56749.5555555556
C16H29NO5,0,0,0,0,0,0,12989.8333333333,0,0,0,0,0,26047.5
C17H19N4O11P,0,0,0,0,9869,5080,0,0,0,0,12442.6666666667,7851,7398.3333333333
C30H24O12,2929.5,754,0,6132,8140.6666666667,16244,16472.3333333333,4087.5,0,3298,10175.4444444444,20136,37724
C18H34O3,854,1341.5,0,0,1527,0,0,0,0,0,6696.3333333333,0,0
C15H12O4,0,0,0,0,13398.8333333333,9752.8333333333,22152.3333333333,0,0,0,21966.6666666667,18305,38523.3333333333
C37H30O17,43093,36593,26758,48627,106329.666666667,76172.6666666667,134053,49850,18524,48869,185938.666666667,101871.666666667,184490
C27H30O14,34454,0,0,10252.5,57358.3333333333,0,0,0,0,29607,250749,0,0
C9H7N,0,0,0,0,7921,8634.6666666667,7123,0,0,0,15598.3333333333,19071.3333333333,14987.6666666667
C24H39N5O6,8465.5,7753,18,0,8744.1666666667,0,22252.3333333333,0,0,0,20658.1666666667,0,30286.5
C5H5N5O,0,0,0,0,15942.6666666667,13710.6666666667,58642.3333333333,0,0,0,29509.6666666667,155011.666666667,101046.666666667
C45H38O18,6968.75,9335,7102,12045.75,19363.7777777778,14162.5,31863.5,9340.75,5785.3333333333,10980.75,26252.4444444444,13718.8333333333,46833.25
C16H20N5O9P,0,0,0,0,18456.6666666667,1436,19998.8333333333,0,0,0,23389.3333333333,5016.6666666667,32789.6666666667
C11H12N2O2,22953,40979,0,24862,211134.777777778,405555.333333333,317385.166666667,0,42987,60826,433922.888888889,868388.333333333,657368.666666667
C14H12O2S2,0,0,0,0,0,6879.3333333333,24497,0,0,0,0,22787.6666666667,44473.6666666667
C21H20O12,119313,88664.5,56184.5,60898.6666666667,241859.888888889,328221.444444444,344745,89307,46948.5,80370.6666666667,338990.111111111,588684.333333333,618350.555555556
C20H15NO8,0,0,0,0,2163,0,0,0,0,0,7049.3333333333,0,0
C5H7NO3,15450.5,11608.5,11660,8344.5,153708.333333333,65014,330773,18689,40720,22171.5,248091.666666667,210988.833333333,444810
C27H30O16,117100.5,33022.5,69265,83096.5,406662.166666667,246995.666666667,440132,24279,33215.5,87076.5,246340.333333333,193621,938617
C8H14N2O4,5260,0,0,0,0,0,18431.6666666667,0,0,5554,0,0,30154
C6H4O5,0,0,0,0,0,0,9896,0,0,0,0,0,16427.6666666667
C33H41O22,0,0,0,0,4852.6666666667,0,0,0,0,0,13593.6666666667,0,0
C10H9NO3,0,0,0,0,1398.3333333333,0,0,0,0,0,3843,0,0
C9H7NO,0,0,0,0,43560,54178.6666666667,30096,0,0,0,86935.6666666667,120703.666666667,64222.6666666667
C21H20O13,237437,212397,151963,189663,1064009.66666667,426164.166666667,700556.5,209472,114763,223439,1570166.33333333,622505.833333333,978610.666666667
C22H24O5,0,0,0,0,8852.6666666667,0,0,0,0,0,22727.6666666667,0,0
C12H20O,0,0,0,0,7280.3333333333,0,2236.6666666667,0,0,0,6363,0,5795.6666666667
C10H7NO3,0,0,0,0,16014.3333333333,17359.6666666667,22613.6666666667,0,0,0,19638.3333333333,48752.3333333333,40523
C16H25NO,0,0,0,0,429.6666666667,0,0,0,0,0,1046.6666666667,0,0
C23H24O12,0,0,0,0,6892.6666666667,8592.3333333333,22895.8333333333,0,0,0,14592.3333333333,10709,33060.1666666667
C16H17N5O7S2,0,0,0,0,4178.6666666667,0,0,0,0,0,10073.6666666667,0,0
C14H12O4,0,0,0,0,0,0,5754.6666666667,0,0,0,0,0,8995.3333333333
C10H9N,0,0,0,0,17060.6666666667,30345.6666666667,13384,0,0,0,40473,72405.3333333333,29410.6666666667
C13H18N2O,0,0,0,0,3149.1666666667,10873,13399.6666666667,0,0,0,16230.1666666667,20672,16933.6666666667
C8H13NO2,0,0,0,0,0,0,4333.6666666667,0,0,0,0,0,6622.3333333333
C23H38N7O17P3S,0,0,0,0,1366.3333333333,0,0,0,0,0,3081.6666666667,0,0
C7H6O,0,0,0,0,7687.5555555556,9007.5833333333,16888,0,0,0,16902,12379.75,22797.3333333333
C22H26O6,0,0,0,0,145809.666666667,0,0,0,0,0,322505.555555556,0,0
C23H30O3Br2,0,0,0,0,16909,0,5533.6666666667,0,0,0,23406,0,8885.3333333333
C44H34O22,0,3135,0,0,26925.6666666667,20623,31171.5,9457,0,0,45316,27526.3333333333,40711.8333333333
C19H17N3O3Cl2,0,0,0,0,3399.3333333333,0,0,0,0,0,6693,0,0
C27H36N2O4BrCl,0,0,0,22563,39689.6666666667,0,0,0,17670,0,73895,0,0
C5H10O6,0,0,0,0,0,0,13190.3333333333,0,0,0,0,0,18897.6666666667
C12H23NO4,0,0,0,0,0,0,10044.6666666667,0,0,0,0,0,14295
C11H18O9,0,0,0,0,458.3333333333,2714,8968.3333333333,0,0,0,8313.3333333333,6580.3333333333,8046.6666666667
C11H21NO4,0,0,0,0,0,6651.6666666667,0,46.5,0,0,10376.3333333333,11930.3333333333,0
C15H8O7,0,0,0,0,33612,29522,43177.3333333333,0,0,0,31956.8333333333,35290,73640.3333333333
C15H16O9,0,0,0,0,36779.1666666667,11372.8333333333,82009,0,0,0,15482.8333333333,12958.3333333333,130684.888888889
C17H14O8,0,0,0,0,1207.3333333333,0,0,0,0,0,2170,0,0
C10H10N2,0,0,0,0,0,14995.3333333333,11876.3333333333,0,0,0,0,38310,24182.6666666667
C14H20O2,0,0,0,0,0,1181.3333333333,2691.6666666667,0,0,0,0,0,4534
C23H25N5O5,0,0,0,0,1445.6666666667,0,23232.3333333333,0,0,0,3335.3333333333,0,29948.3333333333
C21H20O11,64283.5,51572,0,0,29858.5333333333,28630.6666666667,70758.9523809524,18479.5,0,0,22818.4666666667,70094.0833333333,99258.1428571429
C12H20O4,0,0,0,0,0,0,2509.3333333333,0,0,0,0,0,3382.3333333333
C15H11O5,0,0,0,0,0,0,24597.3333333333,0,0,0,0,0,33033.6666666667
C12H19N4O7P2S,23129,25967,20129,33671,29187.5,22874.5,22002.3333333333,19781,13662,25948,27516.6666666667,34564.3333333333,26044.3333333333
C27H30O15,35121.25,47543.75,21310.5,42145,191608,73213.380952381,133558.833333333,32692.5,16044.75,55828.3333333333,235127,81493.8095238095,168057.722222222
C5H9NO4,74242,79602,39768,73424,0,0,1162.6666666667,54932,114246,105439,0,0,15795.6666666667
C26H29O15,0,0,0,0,6820.6666666667,0,0,0,0,0,11328,0,0
C17H18O4,0,0,0,0,0,0,2882.6666666667,0,0,0,0,0,3817
C6H10O4,0,0,0,0,8908.3333333333,0,0,0,0,0,14540,0,0
C12H18O3,0,629,0,0,12319.3333333333,10866.3333333333,13593.3333333333,0,0,0,13112.6666666667,13625.3333333333,21622.6666666667
C30H27O14,11728,25670,0,0,51065,31371.6666666667,47699,0,0,0,56412.3333333333,16150.3333333333,72545
C15H29O10P3,0,0,0,0,4720,0,0,0,0,0,7355,0,0
C5H5NO2,0,0,0,0,0,0,6758,0,0,0,0,0,8558
C11H15NO2,0,0,0,0,0,0,3958.6666666667,0,0,0,0,0,4984.3333333333
C21H20O10,0,76674.5,17671.5,38162,95726.5,349912,144772.416666667,69466,20942,88724.5,306340.5,547832,206356.166666667
C7H11NO4,0,0,0,0,9471.6666666667,15476,29505.6666666667,0,0,0,20516.6666666667,37621.3333333333,33001.6666666667
C23H32O4S,0,0,0,0,203128,0,0,0,0,0,298673.333333333,0,0
C9H14O3,814.8333333333,497.1666666667,2883.3333333333,0,0,0,0,390.3333333333,186,0,0,12183.3333333333,0
C15H12O6,112224.6,132575,184877,185283,539495,433872,601928.9,128978.8,181382,218683.333333333,770745.222222222,500913.142857143,678397.866666667
C15H12O5,84962.5,73324,47643,91049,654282.666666667,184968.533333333,239381.2,71620.5,30571.5,98297.5,742586.833333333,270123.266666667,334329
C15H24O2,0,0,0,0,0,0,3871,0,0,0,0,2058,4387.1111111111
C5H11N3O,0,0,0,0,0,0,0,0,0,0,0,8695,0
C9H18N2O4,0,0,0,0,0,0,0,0,0,0,0,7102,0
C10H12N5O7P,0,0,0,0,0,0,0,0,0,0,0,8195.6666666667,0
C5H6N2O2,0,0,0,0,0,0,0,0,0,0,0,5179,0
C7H6O5,0,0,0,0,0,0,0,0,0,0,0,10376.3333333333,0
C5H6O3,0,0,0,0,0,0,0,0,0,0,0,4069,0
C15H21NO2,0,0,0,0,0,0,0,0,0,0,0,15739,0
C17H24O6,0,0,0,0,0,0,0,0,0,0,0,10595,0
C17H24O4,0,0,0,0,0,0,0,0,0,0,0,3364.6666666667,0
C20H28O3,0,0,0,0,0,0,0,0,0,0,0,9774.6666666667,0
C20H26O3,0,0,0,0,0,0,0,0,0,0,0,9623.3333333333,0
C24H34O9,0,0,0,0,4911.6666666667,0,0,0,0,0,6929,0,0
C30H28O12,0,0,0,0,0,0,22495,0,0,0,0,0,27332.3333333333
C22H18O11,791332.5,926373.5,1100781,824924.5,10582682.3333333,3424941,4909755.22222222,1004856,1097915,1067224,14419399,3918050,5376678.77777778
C5H11NO2,0,10874,9428,0,0,0,0,14459,15488,13633,0,0,0
C9H14N4O5S,0,0,0,0,50630,0,0,0,0,0,68024.6666666667,0,0
C6H6O3,31476,23492,9158,24622,12140.0833333333,15690.1666666667,17503.5,14873,11214,18120,9782.4166666667,14600.1666666667,23516
C6H12O5,0,0,0,0,9764,0,0,0,0,0,13046,0,0
C6H6N4O2,0,0,0,0,66869.3333333333,0,33589,0,0,0,49587.3333333333,0,51956.6666666667
C8H16O2,0,0,0,0,0,13887.6666666667,17990.3333333333,0,0,0,0,11682.6666666667,28289
C15H14N4O,0,0,0,0,22234,0,0,0,0,0,29408.3333333333,0,0
C18H34N2O8PSCl,0,0,0,0,31926.3333333333,0,0,0,0,0,42194.6666666667,0,0
C9H8O2,0,0,0,0,2929.3333333333,3329.3333333333,6972.3333333333,0,0,0,8080.1666666667,9857.1666666667,5503.6666666667
C7H6O2,20190.5,16494,10527,24758,495707.533333333,331541.476190476,447481.533333333,15138,7775,27972,579364.2,437263.047619048,585502.933333333
C5H14NO4P,6915,11920,0,0,0,0,0,13480,6646,11314,0,0,0
C6H7N3O,154539,157936,74151,55024,493867,421083.5,572236.666666667,174825,77755,74508,641739,572927.5,658857.333333333
C11H19NO9,10040,10317,8233,0,0,0,0,43778,21589,17340,0,0,0
C4H7NO4,33125,31903,10245,16140,0,0,0,32572,45707,38320,0,0,0
C11H9NO2,10220,17433,0,0,0,0,0,14587,12032,18498,0,0,0
C15H23N5O4,0,0,0,0,0,0,10904.6666666667,0,0,0,0,0,12711.3333333333
C22H18O12,0,0,0,0,57067,36373,35288.1666666667,0,0,0,69553,46964.5,48742.6666666667
C10H8O2,0,0,0,0,5838.3333333333,4132.6666666667,11673.6666666667,0,0,0,8980.6666666667,7478.1666666667,12356
C20H22O5,0,0,0,0,8099.5,7018.3333333333,13339,0,0,0,10353,10524.1666666667,15995.3333333333
C26H37NO6,0,0,0,0,6375.6666666667,0,0,0,0,0,8113.3333333333,0,0
C12H20N2O3,0,7010,0,0,0,0,0,6265,0,4344,0,0,0
C10H14O3,229.3333333333,1112.3333333333,406.5,0,0,0,0,1976,390.5,0,0,0,0
C6H14N4O2,11428.5,0,0,0,0,0,0,54660,135897,91465,0,0,0
C7H8N4O2,22281,25929,21048,36108,1296372.33333333,967221,476948.833333333,26592,33794,43514,1198854,2054729.66666667,889266.333333333
C25H31NO9,0,0,0,0,6057.6666666667,3723.3333333333,21789.6666666667,0,0,0,3336.6666666667,6883.6666666667,26556
C20H14O8,40632,51653,37813,0,0,0,0,24043,32218,27185,0,0,0
C9H17NO8,0,0,0,0,0,0,0,13976,8053,0,0,0,0
C25H43NO10,0,0,0,0,0,0,0,1147,1350,0,0,0,0
C7H11NO3,47049.5,25391.5,0,19866.5,0,0,0,23717,82714,46277.5,0,0,0
C16H30O3,0,1336.5714285714,0,0,0,0,0,2256.5714285714,0,0,0,0,0
C9H6O3,0,0,0,0,22314.3888888889,32320.25,35403.3333333333,0,0,0,46631.3333333333,39731.7916666667,37131.7666666667
C6H11NO4,0,0,0,0,0,1313.6666666667,0,0,0,0,0,10084,0
C15H12O8,5862,5683,0,0,41537.6,38254.6666666667,46229.8,3594,0,0,54666.3333333333,54777.6666666667,54658.2666666667
C11H20O2,0,0,227.5,0,0,0,0,335,210,0,0,0,0
C4H10O3,0,0,0,0,0,0,3272,0,0,0,0,0,3622.8888888889
C8H15NO4,0,0,0,0,0,0,0,23223,6507,0,0,0,0
C8H10O3,119,302,0,0,0,0,0,370.25,0,0,0,0,0
C9H5N4Cl,0,0,0,0,0,7743.6666666667,6143.6666666667,0,0,0,0,8857.3333333333,10227
C21H22O10,8086,10773,6322,10361,0,0,3829,0,4425,12065,0,0,3888.5
C8H6O3,24069.6666666667,27197.6666666667,19057,14583.75,158869.444444444,153925.958333333,238030.722222222,24717.6666666667,16957.5,17654.25,219305.277777778,176845.875,267370.111111111
C8H17NO5,0,0,0,0,0,0,0,51433,0,11291,0,0,0
C11H15N5O3,0,5260,0,0,0,0,0,27816,0,0,0,0,0
C5H10N2O3,5447,6402,8444,11117,0,0,0,8782,32985,0,0,0,0
C8H13NO5,0,13454,5830,7238,0,0,0,4596,3538,0,0,0,0
C5H9N3,67,0,31822.75,0,0,664.6666666667,0,0,52148.5,43413,0,4474,0
C6H7N5O,0,0,0,0,22397.6666666667,27319,22525.6666666667,0,0,0,32942.3333333333,40594,27664.3333333333
C19H29N5O2,229.5,919.25,0,0,0,0,0,579,0,0,0,0,0
C10H12N2O3,0,0,0,0,9495.6666666667,5558.3333333333,0,0,0,0,12808,13611.3333333333,0
C20H16O8,23316,16215,18763,22659,0,0,0,9058,20987,13221,0,0,0
C7H14N2O2S,0,0,0,0,0,0,7664.6666666667,0,0,0,0,6953.6666666667,7032
C8H12O2,75.5,677.25,365.5,0,0,0,0,208.25,106.25,0,0,0,0
C6H14N2O2,0,0,0,0,0,0,0,0,6545,7018,0,0,0
C7H14N2O4,0,0,0,0,0,0,0,0,8301,9674,0,0,0
C13H18N6O3,0,0,0,0,0,0,0,0,5389,6296,0,0,0
C10H16O,3203,5600,1229.8571428572,3296.5,0,0,0,3129,1214.4285714286,0,0,0,0
C24H20O9,0,0,0,0,0,0,8815,0,0,0,0,0,9497.3333333333
C11H17NO8,0,0,0,0,0,0,0,6920,0,0,0,0,0
C12H17N5O4,0,0,0,0,0,0,0,8917,0,0,0,0,0
C10H14N2S,0,0,0,0,0,0,0,13428,0,0,0,0,0
C18H30O3,0,0,0,0,0,0,0,1519,0,0,0,0,0
C27H41NO6S,0,0,0,0,0,0,0,237,0,0,0,0,0
C11H11N5O4,0,0,0,0,0,0,0,7252,0,0,0,0,0
C9H17NO7,0,0,0,0,0,0,0,9132,0,0,0,0,0
C9H19O11P,0,0,0,0,0,0,0,1381,0,0,0,0,0
C10H18N2O8,0,0,0,0,0,0,0,9076,0,0,0,0,0
C11H15N5O4,0,0,0,0,0,0,0,11682,0,0,0,0,0
C20H41NO2,0,0,0,0,0,0,0,837,0,0,0,0,0
C24H36O5,0,0,0,0,0,0,0,14208,0,0,0,0,0
C28H34O15,0,0,0,0,0,0,0,12374,0,0,0,0,0
C18H37NO,0,0,0,0,0,0,0,18504,0,0,0,0,0
C4H8N2O3,0,0,0,0,0,0,0,6641,0,0,0,0,0
C12H20O10,119005,109302,49573,107820,0,0,0,49334,45466,67317,0,0,0
C11H20N2O6,2659,0,0,0,0,0,0,0,7948,7304,0,0,0
C8H16O,0,0,0,700,0,0,0,0,1696,813,0,0,0
C12H22O11,56116,44535.5,38323.5,111217,0,0,7378.6666666667,196101,34728.5,60542,0,0,0
C11H14NO6P,0,0,0,0,18821.6666666667,9009.3333333333,29939.3333333333,0,0,0,16283,13947,35010
C20H14O7,20456,9134,17551,11389,0,0,0,7908,14024,8884,0,0,0
C8H17N,0,0,0,0,1489.3333333333,0,0,0,0,0,1631.3333333333,0,0
C10H9NO,0,0,0,0,0,2167.6666666667,0,0,0,0,0,11908.6666666667,0
C15H28O2,87.6666666667,364.8333333333,450,0,0,0,0,247.1666666667,0,0,0,0,0
C16H30O2,489.2,2398.6,0,1402,0,0,0,911.6,0,0,0,0,0
C24H34O4S,0,0,0,0,4188,0,0,0,0,0,4538,0,0
C17H32O2,912.6,207.6,1019,0,0,0,0,907.2,604,0,0,0,0
C9H8O3,0,8199,0,0,46498.6666666667,55829.6666666667,75860.3333333333,1330.5,0,0,70441.4166666667,64196,84348.5555555556
C27H48O3,6081,16154,0,0,0,0,0,5137,0,0,0,0,0
C16H22N4O9S,2715,3313.5,8653,0,0,0,0,0,20722,0,0,0,0
C17H27N4O14P,87799,77291,117622,103030,0,0,0,31864,57658,45900,0,0,0
C9H12O2,0,5344,242.5,0,0,0,0,662,0,0,0,0,0
C12H10NOCl2F3,6327,7012,0,7141,0,0,0,7684,0,0,0,0,0
C10H19N,0,0,878,812.5,0,0,0,0,2075,305.5,0,0,0
C19H37N5O6,0,0,15482,9560,0,0,0,0,14562,9737,0,0,0
C6H13NO5,12829,15667,0,10981,0,0,0,6495,5335,0,0,0,0
C8H19N,0,0,18419,0,387.5,0,0,0,17194,0,1035.1666666667,0,0
C6H10O5,14554,11427,4957,10270,0,0,0,5769,3589,3939,0,0,0
C4H5NO3,0,0,0,0,0,0,0,0,3123,0,0,0,0
C6H13N3,0,0,0,0,0,0,0,0,1516,0,0,0,0
C4H9NO3,0,0,0,0,0,0,0,0,6710,0,0,0,0
C5H11NO3,0,0,0,0,0,0,0,0,6627,0,0,0,0
C4H7NO2,0,0,0,0,0,0,0,0,2442,0,0,0,0
C26H35N5O12S,0,0,0,0,0,0,0,0,8229.5,0,0,0,0
C7H11N3,0,0,0,0,0,0,0,0,1669.5,0,0,0,0
C25H45NO9,0,0,0,0,0,0,0,0,1896,0,0,0,0
C8H10O2,0,0,0,0,0,0,0,0,259.6666666667,0,0,0,0
C21H41N5O7,0,0,12598,0,0,0,0,0,9008,5847,0,0,0
C8H8O,0,0,0,0,14178,0,0,0,0,0,14966.3333333333,0,0
C8H14O5S,1649.5,10605.5,3042,0,0,0,0,0,1202.5,0,0,0,0
C11H18,0,0,0,0,2669.6666666667,0,0,0,0,0,2797,0,0
C16H20O9,0,0,0,0,0,2801.3333333333,0,0,0,0,0,13343.3333333333,0
C14H10O,0,10927,5131.5,0,0,0,0,0,333,0,0,0,0
C18H35NO3,0,2582,0,0,0,0,0,0,0,0,0,0,0
C6H12O6,0,3707,0,0,0,0,0,0,0,0,0,0,0
C15H22O4,0,843,0,0,0,0,0,0,0,0,0,0,0
C17H34N3O14P,0,9517,0,0,0,0,0,0,0,0,0,0,0
C16H18N4O7S,0,3629,0,0,0,0,0,0,0,0,0,0,0
C11H10O5,0,3253,0,0,0,0,0,0,0,0,0,0,0
C12H27O4P,0,7332,0,0,0,0,0,0,0,0,0,0,0
C19H12O7,0,10989,0,0,0,0,0,0,0,0,0,0,0
C11H20O10,0,6514,0,0,0,0,0,0,0,0,0,0,0
C11H23NO2,0,0,0,0,0,0,469262,0,0,5115,0,0,485133
C22H22O11,0,0,0,0,18150,12544.6666666667,0,0,0,0,27239.3333333333,15977,0
C14H26O2,37.3333333333,0,1051.75,0,0,0,0,692,91,0,0,0,0
C18H34O2,2351,195,1322,869.3333333333,0,0,0,1421.8333333333,0,2008.6666666667,0,0,0
C15H10O8,59122,48360,28809,36056,113956.083333333,11712.8333333333,13601.6666666667,51502,22007,44965,112467.583333333,10299.6666666667,8313
C9H17N4O9P,0,0,0,0,19560.6666666667,10837,15229.3333333333,0,0,0,19982.5555555556,9628.6666666667,19235.6666666667
C18H35NO,19851,8693.5,0,83313,0,0,0,10850,0,205947,0,0,0
C12H20N3O6SCl,0,0,21479,0,0,0,0,0,22086,0,0,0,0
C37H60N7O18P3S,0,0,0,0,0,0,0,0,0,6427,0,0,0
C8H20O7P2,0,0,0,0,0,0,0,0,0,4890,0,0,0
C23H30N4O4S2,0,0,0,0,0,0,0,0,0,11316,0,0,0
C8H17NOS,0,0,0,0,0,0,0,0,0,19251,0,0,0
C9H12O,9590,6122,0,0,0,0,0,6260,0,0,0,0,0
C12H16O2,1778,0,0,0,0,0,0,2235,0,0,0,0,0
C6H11N3,0,0,2591.25,0,0,0,0,0,2333.5,0,0,0,0
C7H6O6,0,0,0,0,0,0,7266,0,0,0,0,0,7412
C9H14O,45.8,202.2,582,0,0,0,0,190,0,0,0,0,0
C9H14O2,122.25,257.125,1098.75,0,0,0,0,92.75,410.5,0,0,0,0
C8H11N,0,0,755,0,0,0,0,0,578,0,0,0,0
C26H42O4,10045,0,0,0,0,0,0,6808,3302.25,0,0,0,0
C24H41NO10,877,1513.5,0,0,0,0,0,0,45,0,0,0,0
C18H32O2,1218,0,669,0,0,0,0,1156.5,0,0,0,0,0
C5H11NO,0,0,0,1571.2,0,0,0,0,0,1908.4,0,0,0
C10H14O2,311,463,0,0,0,0,0,0,0,0,0,0,0
C6H8O7,0,0,0,0,2111.6666666667,0,12830,0,0,0,3213,0,11919
C11H20O,0,0,0,0,0,631.6666666667,0,0,0,0,0,2380,0
C4H9NO2,0,0,0,0,0,0,4438.3333333333,0,0,0,0,0,4396
C20H38O2,0,0,830.3333333333,0,0,0,0,0,327,0,0,0,0
C6H4O4,0,0,0,0,5641.3333333333,0,7483.3333333333,0,0,0,6405.6666666667,0,6611.3333333333
C12H12O3,0,0,0,0,181563.333333333,0,7040.6666666667,0,0,0,186052,0,0
C12H16O3,0,0,0,0,6031.3333333333,6567.3333333333,9141,0,0,0,7005.1111111111,11162.3333333333,9805
C7H6O3,35582.8571428571,39870.7142857143,42681,26877.4,1974662.27777778,815388.666666667,2070900.77777778,34631.8571428571,36842,29167.8,2042320.77777778,860219.878787879,2177035.38888889
C18H32O3,2165,0,0,0,0,0,0,0,1863,0,0,0,0
C27H34O15,0,0,0,0,62434.6666666667,47482,93933,0,0,0,73878,49143.3333333333,99172.3333333333
C9H14O4,970,0,0,0,0,0,0,553.25,0,0,0,0,0
C21H16O8,0,0,9619,5687,0,0,0,0,0,2723,0,0,0
C8H10N4O2,1474050.5,1596131,2931007,2262873,81847708.3333333,100007260,96941848,1683899,3538834,3221240,104945289,135618578.333333,107211820.666667
C19H27N5O3,1091,0,25.5,0,0,0,0,0,698.5,0,0,0,0
C9H12,612,440,0,0,0,0,0,0,0,0,0,0,0
C5H6O5,0,0,0,0,28663,0,0,0,0,0,26113.8333333333,0,0
C9H17NO5,0,6200,0,5994,32613.6666666667,36546.6666666667,77395.6666666667,0,0,10436,53931,53415.6666666667,69733
C10H19NO2S2,0,0,0,0,0,0,12766.3333333333,0,0,0,0,0,12203.6666666667
C9H13N2O11P2F,0,0,0,0,8708.3333333333,8607.3333333333,16763,0,0,0,6901,9174.6666666667,19740.3333333333
C8H8N4,0,0,1308.5,0,0,0,0,0,18,0,0,0,0
C18H36O,0,0,833,0,0,0,0,0,0,0,0,0,0
C6H12OCl2,0,0,3727,0,0,0,0,0,0,0,0,0,0
C15H10O6,6115,6165,0,2532,43201.3333333333,67012.125,88352.4444444444,6687.5,5057,18515.3333333333,50168.1666666667,73167.125,99871.3333333333
C19H20O4,0,0,0,0,0,10981.6666666667,14531.6666666667,0,0,0,0,16897.3333333333,16993.3333333333
C12H18N4O4PS,4853,2578,0,2773,0,0,0,0,0,0,0,0,0
C7H10O4,473,0,0,0,0,0,0,149.6666666667,0,0,0,0,0
C15H14O6,233479.333333333,217713.666666667,350475.5,435641,4641845.22222222,2237665.06666667,4844486.44444444,198890,216295.5,355593.5,4194811.88888889,2432420.6,5264047.55555556
C12H12O2,0,0,0,0,0,10559,18117.6666666667,0,0,0,0,11072,21019.6666666667
C25H32N2O6,0,0,0,0,11243.6666666667,0,0,0,0,0,9812.6666666667,0,0
C7H12O6,0,0,0,15608,0,0,0,0,0,0,0,0,0
C4H8N2O,0,0,0,2649.5,0,0,0,0,0,0,0,0,0
C14H10N4O5,0,0,0,0,14651,15962.3333333333,15382.8333333333,0,0,0,11932.1111111111,12150.3333333333,21809.1666666667
C8H7N,0,0,0,0,14611.2222222222,54928.6666666667,0,0,0,0,24811,123614.666666667,0
C2H7O3P,24271,0,23635.5,0,0,0,0,0,2173,0,0,0,0
C9H16O2,1024,241,0,0,0,0,0,0,0,0,0,0,0
C13H20O3,0,0,0,0,8519.6666666667,0,0,0,0,0,7197.6666666667,0,0
C22H20N2O7,0,0,0,0,0,5170,0,0,0,0,0,14159,0
C18H32O16,5333,0,0,7240,0,0,0,0,0,0,0,0,0
C11H22N5O6P,0,0,0,0,53266.3333333333,0,67613.3333333333,0,0,0,42138.3333333333,0,64012
C10H10O2,0,0,0,0,17852,13620.1111111111,18081.25,0,0,0,24229.3333333333,20153.7777777778,15205.4166666667
C30H26O11,0,0,0,0,10759,7236.6666666667,14834.3333333333,0,0,0,7810,11229,16367.6666666667
C14H18O4,0,0,0,0,0,596.6666666667,0,0,0,0,0,1568,0
C7H14O,2924,0,0,0,0,0,0,0,0,0,0,0,0
C32H63NO3,1741,0,0,0,0,0,0,0,0,0,0,0,0
C16H28O,363,0,0,0,0,0,0,0,0,0,0,0,0
C18H39O7P,21007,0,0,0,0,0,0,0,0,0,0,0,0
C16H22O4,0,1438,535,0,199285.333333333,551,0,0,0,0,151392.666666667,2158.3333333333,0
C16H27NO6,0,0,0,0,5132.3333333333,0,1473.6666666667,0,0,0,4799,0,806
C6H6O2,0,0,0,0,20340.3333333333,16037.7777777778,19918.1666666667,0,0,0,17829.6666666667,16109,22673.8333333333
C8H17NO,0,0,0,0,776.6666666667,0,0,0,0,0,570.1666666667,0,0
C12H15N2O3PS,3120,0,0,0,2407.3333333333,0,0,0,0,0,1786.6666666667,0,0
C30H26O12,53610,55388.25,90466,90991.3333333333,244412.266666667,176762.933333333,271103.4,65437.5,76217,74359.3333333333,246766.933333333,165751.2,264096.866666667
C6H12O2,0,0,0,0,0,7018.6666666667,0,0,0,0,1156.6666666667,11945.6666666667,0
C6H13N,0,0,0,0,0,1219.6666666667,0,0,0,0,0,2503.7777777778,0
C18H15N3O7S,0,0,10921,0,11363.6666666667,0,0,0,12911,0,5305.3333333333,0,0
C6H5NO2,0,0,0,0,0,3556.3333333333,0,0,0,0,0,7121,0
C9H15N4O8P,0,0,0,0,73255,32521.5,48426.6666666667,0,0,0,65807.6666666667,31356.6666666667,48538.8333333333
C12H20O2,0,0,0,0,5772.6666666667,0,0,0,0,0,3977.6666666667,0,0
C6H10O3,0,0,0,0,0,956.6666666667,0,0,0,0,0,1807.5,0
C14H20O3,0,18,0,0,4265.6666666667,0,4621.3333333333,0,0,0,6062.3333333333,0,2164.6666666667
C30H26O14,17410.3333333333,13526,16708,13043.25,52374.2222222222,50690.2,73917.4444444444,7151,3622,6232,47268.1666666667,49506.1333333333,77108.6111111111
C5H7N3,0,0,346,0,33850.3333333333,79375.6666666667,41614.3333333333,0,3710.6666666667,0,49109,104776.333333333,40186
C10H8O3,0,0,0,0,17516.6666666667,9534.25,8189,0,0,0,11575.8888888889,9245.5,11236.8333333333
C16H13NO3ClF,0,0,0,0,8048.3333333333,9933.3333333333,0,0,0,0,12570.5,3695.3333333333,0
C9H17NO,0,0,2036,0,0,0,1894.3333333333,0,0,206,0,0,1419.6666666667
C18H28O4,0,0,0,0,0,1238.6666666667,0,0,0,0,0,2184,0
C15H14O7,562905.666666667,655467,520131.666666667,626451.666666667,4394108.27777778,4744912.5,9204176.11111111,531297.333333333,460588,544575.333333333,3936888.33333333,4557309.91666667,8923947
C7H9NO,0,0,0,0,0,1395.6666666667,0,0,0,0,0,2422.6666666667,0
C8H8O4,8658,6730.5,3583,4928,181126.333333333,110716,149958.733333333,7160,4097,1931,166389.041666667,106983.4,144675.266666667
C15H11O7,0,0,0,0,0,0,9326.6666666667,0,0,0,0,0,7211.3333333333
C15H22O,0,0,0,0,14776.1666666667,9551.6666666667,0,0,0,0,13397.8333333333,11980.8333333333,0
C15H12O7,18135.6666666667,21658,29857.5,13016,547834,470644.2,654882.133333333,18494,28924.5,14581,516897.25,458122.866666667,637863.133333333
C12H14O3,0,0,0,0,7998.6666666667,11869,22840.6666666667,0,0,0,12699.6666666667,9500.3333333333,19018.5
C11H10O3,0,0,0,0,1827.6666666667,1344,0,0,0,0,1268.6666666667,2608.3333333333,0
C12H22O,0,0,0,0,13305.3333333333,2238.6666666667,0,0,0,0,9289,2226.3333333333,0
C8H8,0,0,0,0,9615.4444444445,4652,0,0,0,0,8955,2731.6666666667,0
C6H10O2,7671,0,0,0,0,7925.3333333333,0,1614,0,0,0,12529.6666666667,0
C13H26NO10PS3,0,0,0,0,5554.6666666667,0,0,0,0,0,3233,0,0
C20H32N6O12S2,0,0,0,0,56982,82771,135245.666666667,0,0,0,46480.3333333333,163396.666666667,112974
C5H4O3,0,0,0,0,17437.3333333333,17971,0,0,0,0,17251.3333333333,22041.6666666667,0
C12H23N,0,8989,0,0,0,34411.6666666667,0,0,0,0,0,51327,0
C10H12N4O4,0,0,0,0,0,7881.3333333333,0,0,0,0,0,11876.3333333333,0
C9H10N2O,0,0,0,0,9175.6666666667,15835,6883.6666666667,0,0,0,5075,17543,10141.3333333333
C15H14O5,0,8881,7526,8522,144922.833333333,107624.833333333,141472.666666667,0,0,0,104695.333333333,117115.166666667,145871.166666667
C10H14N5O7P,0,0,0,0,0,7128,0,0,0,0,0,10301,0
C7H4O5,0,0,0,0,0,38683.6666666667,43158.3333333333,0,0,0,0,35899.3333333333,43285
C13H10O5,0,0,0,0,3833.6666666667,0,0,0,0,0,2013,0,0
C22H18O8,0,0,0,0,0,6086.3333333333,9506,0,0,0,0,8088.6666666667,8229.3333333333
C18H22N5O8SF,0,0,0,0,3006,0,0,0,0,0,1528,0,0
C29H39N5O8,0,3967,0,0,26676,0,0,0,0,0,13040.3333333333,0,0
C9H16N2O4,0,0,0,0,0,0,9412,0,0,0,0,0,6574.6666666667
C8H10O,0,0,1679,0,0,38009.6666666667,0,3146,0,0,0,49418,0
C17H28O2,0,0,0,0,0,4186.6666666667,0,0,0,0,0,5506.3333333333,0
C23H26O7,0,0,0,0,0,4845,35257.8333333333,0,0,0,0,4232,26463
C6H6N2O,0,0,0,0,103473.333333333,202945.666666667,180244,0,0,0,123958,264533,144168
C13H14O3,0,0,0,0,15844.7777777778,11800.1666666667,17974.7333333333,0,0,0,12051.7777777778,19633.5833333333,14672
C16H26O3,0,0,0,0,0,6685.6666666667,0,0,0,0,0,8377.3333333333,0
C10H12O3,0,0,0,0,0,1549,0,0,0,0,0,1919,0
C21H26O7,0,0,0,0,4881.6666666667,0,7154.6666666667,0,0,0,0,0,6911.3333333333
C5H5N5,0,0,0,0,4926,9947.3333333333,19340.6666666667,0,0,0,9024.5,21367.8333333333,10759.3333333333
C32H26O14,0,0,0,0,11657.3333333333,0,0,0,0,0,5298,0,0
C20H12O5,0,0,0,0,8711.6666666667,0,0,0,0,0,3936.3333333333,0,0
C15H10O5,0,0,0,0,18204.3333333333,10057,24528.6666666667,0,0,0,15297.3333333333,13778.3333333333,18909.6666666667
C8H8O3,0,0,0,0,26911,36228.4166666667,54287.6666666667,0,0,0,24960.619047619,38326.25,46388.8888888889
C9H10,0,0,0,0,0,19349.6666666667,0,0,0,0,0,22804,0
C27H35N5O8,10896,10606,6735,0,12580,7055,0,6337,0,6662,8589,0,0
C11H10O4,0,0,0,0,8226.6666666667,11693.3333333333,15736.3333333333,0,0,0,7452.3333333333,11709.3333333333,13698.3333333333
C8H13NO4,0,0,0,0,0,1602.5,0,0,0,0,0,1842.1666666667,0
C15H16N4O,0,0,0,0,0,2906,0,0,0,0,0,3317,0
C6H11NO2,0,1546.5,0,0,121954.833333333,82031.1111111111,155143.111111111,5557.5,6609.5,4065,102788.666666667,112367.444444444,118863.444444444
C15H14O8,6625,6697,10834,5769,208161.444444444,173965.111111111,120349.777777778,5428,8921,0,162802.222222222,194033.111111111,109999.222222222
C7H8O,0,0,0,0,0,1086.6666666667,0,0,0,0,0,1211,0
C10H17N3O6S,0,0,10332,0,508.6666666667,21317.3333333333,27045,0,9295,0,5914.3333333333,32031.3333333333,17240
C15H18O3,0,0,0,0,6782.1666666667,8763.1666666667,13942.8333333333,0,0,0,13712.6666666667,2051.6666666667,8291.6666666667
C13H18O4,0,0,0,0,0,3589,0,0,0,0,0,3983,0
C9H8O4,16625,17741,8643,7477,99950.8888888889,140233.666666667,141155.5,13985,6483,0,88333.2222222222,137037.666666667,128548.333333333
C6H8O,0,0,0,0,0,23765,0,0,0,0,0,25706,0
C25H22O10,0,0,0,0,33688.3333333333,23259.6666666667,48317.3333333333,0,0,0,38497.6666666667,22917.3333333333,31914.3333333333
C7H13NO,0,0,0,0,2143.3333333333,1351,0,0,0,0,1167.3333333333,2022.6666666667,0
C9H14N5O7P,0,0,0,0,4066,0,0,0,0,0,1578.6666666667,0,0
C12H22O4,0,0,0,0,0,0,2456.3333333333,0,0,0,0,0,1543.6666666667
C12H22O2,653,47,132,0,0,11464.6666666667,0,0,12,0,0,12044.6666666667,0
C6H6O4,0,0,0,0,8036.6666666667,12973.3333333333,7173,0,0,0,13851,12718.6666666667,2171
C11H12O3,0,0,0,0,7418.3333333333,7578.8888888889,7266.8888888889,0,0,0,2373.1666666667,10038.4444444444,7685
C4H4O3,0,0,0,0,5397.6666666667,17834.3333333333,64398.3333333333,0,0,0,20234.3333333333,11999.6666666667,39254.3333333333
C15H10O7,48662,29138,24244,32896.3333333333,148369.333333333,118755.666666667,36999.1666666667,38676,20865.6666666667,41901,123313,46053.1111111111,47069.1666666667
C15H24O3,0,0,0,0,0,13998.3333333333,0,0,0,0,0,13846,0
C12H18O4,0,3206,0,0,16153.75,19050.3333333333,7869,0,0,0,10424.5,31588.3333333333,4022.3333333333
C19H22O5,0,0,0,0,35861.1428571429,40331.2,65069.6111111111,0,0,0,33242.0952380952,37911.5333333333,50819.7222222222
C12H17N3O6SCl2,0,0,0,0,0,9821.3333333333,0,0,0,0,0,9497.3333333333,0
C10H14,0,0,0,0,2566,19574.6666666667,0,0,0,0,7111.5555555556,10885.6666666667,0
C33H40O22,0,0,5533,7690,0,0,47810.6666666667,8642,4519,7172,0,0,28151.3333333333
C17H27N5O4,2506,1015,0,0,0,4401.3333333333,0,3687,0,0,0,2412.3333333333,0
C10H12O2,259,0,0,0,18038,19065.3333333333,10729.3333333333,0,0,0,15593,15587.3333333333,9570.3333333333
C15H8O5,0,0,0,0,0,11888.6666666667,0,0,0,0,0,11151.3333333333,0
C15H22O5,0,0,0,0,0,2553.1666666667,0,0,0,0,0,2306.3333333333,0
C15H24,0,0,0,0,0,8159.3333333333,0,0,0,0,0,7160.3333333333,0
C10H18O2,0,0,1594.3333333333,0,1324,14213.6666666667,0,0,847.6666666667,0,100.8333333333,13743.3333333333,0
C13H24O2,354.5,0,573,0,50061.75,53137.0666666667,36229,1924.5,2533.5,0,20978.0833333333,29672.4,46283.25
C8H10O4,0,0,0,0,5834.6666666667,12764.3333333333,8308.6666666667,0,0,0,1058.3333333333,15414.6666666667,7827.6666666667
C26H30O15,0,19385,29516,13815,81761.6666666667,57002,0,0,30446,24074,54519.6666666667,32762.3333333333,0
C9H12O3,1947,0,277,0,0,26753,0,0,0,0,0,21737.3333333333,0
C7H9N5O,0,0,0,0,3519,3526,0,0,0,0,1902.3333333333,3819.3333333333,0
C18H16O8,0,0,0,0,0,0,5500.3333333333,0,0,0,0,0,3024
C12H23NO10S2,0,0,0,0,6876.6666666667,0,0,0,0,0,1546.3333333333,0,0
C8H11NO,0,0,0,0,1366.6666666667,1773.1666666667,0,0,0,0,357,2253.8333333333,0
C12H14O,0,0,0,0,0,1723.6666666667,0,0,0,0,0,1177.3333333333,0
C13H16O3,0,0,0,0,32486.3333333333,15476.5555555556,51763,0,0,0,31158.6666666667,7597,29992
C36H40N4O4Mg,0,0,0,6236,6730.3333333333,0,0,0,0,0,0,0,0
C10H10O4,0,0,0,0,0,0,16099.3333333333,0,0,0,0,0,8162.8333333333
C10H7NO4,0,0,0,0,6406.6666666667,11247,9649.6666666667,0,0,0,3923.6666666667,10991.6666666667,7717.3333333333
C13H23NO3,0,0,0,0,35437.6666666667,0,106016.666666667,0,0,0,36175.6666666667,0,49878.6666666667
C6H14NO2Se,0,0,0,0,0,10013.3333333333,0,0,0,0,0,6164.3333333333,0
C9H9NO6,0,0,0,0,0,0,11042.1666666667,0,0,0,0,0,5447
C16H28O2,667,0,0,0,0,4005.6666666667,0,0,0,0,0,2460.3333333333,0
C11H14O2,0,0,0,0,1767,61480.6666666667,26162.8333333333,0,0,0,8346.3333333333,47717,15836.0833333333
C9H18O2,0,0,0,0,1097.6666666667,0,0,0,0,0,156,0,0
C6H8O3,0,0,0,0,1523.3333333333,0,8496.6666666667,0,0,0,6207.3333333333,0,885
C8H8O2,0,0,0,0,23752.75,22212.5555555556,24934.3333333333,0,0,0,23601.5,17676.8888888889,13660.1111111111
C8H5NO,0,0,0,0,4676,0,47394.6666666667,0,0,0,1755.3333333333,0,23053
C8H15NO,0,0,974.3333333333,391,0,0,3379.6666666667,0,0,66,0,0,1534.3333333333
C11H12O2,0,0,0,0,48809.6666666667,55821.6666666667,62707.3333333333,0,0,0,46833.6666666667,46431.6666666667,36593.6666666667
C12H18O2,312.5,0,1917,0,0,0,8972.6666666667,1846.75,0,0,0,0,3903
C20H20O11,0,0,0,0,3368.3333333333,1669.6666666667,7001.8333333333,0,0,0,3724,1264,3160
C27H30O17,37471,33622,15912,0,86944.3333333333,100925,121183.333333333,27426,10177.5,0,50757.5,71667.6666666667,98894
C33H41O21,0,0,0,0,376105,0,0,0,0,0,20312.3333333333,0,0
C15H20O4,0,0,0,0,27104,9870.3333333333,36577.6666666667,0,0,0,20901,11339.1666666667,17836.3333333333
C8H14O,0,0,886,0,0,13108.3333333333,0,0,946,0,0,4786.3333333333,0
C23H24O6,0,6062,0,0,21006.5,18620,8680.3333333333,0,0,0,17374,18581.3333333333,0
C26H35NO11,0,0,0,0,0,0,4407,0,0,0,0,0,1835
C14H16O4,0,0,0,0,22590.5,11919.7777777778,11075.8333333333,0,0,0,2087.6666666667,4978.1111111111,13464.1666666667
C7H8O3,0,0,0,0,4411.8333333333,5133.1666666667,0,0,0,0,2146.1666666667,2963.3333333333,0
C3H10NO3P,0,0,0,0,5451.3333333333,9797,0,0,0,0,2780.3333333333,5571.6666666667,0
C10H10O3,0,0,0,0,8770.4444444445,10771.6666666667,12690.5,0,0,0,5754.2222222222,5184.5,9389.5
C22H31NO6,0,0,0,0,44872.6666666667,0,64044.3333333333,0,0,0,15737,0,34380.3333333333
C30H27O13,0,0,0,0,4407,0,0,0,0,0,0,0,0
C25H32O9,0,0,0,0,4820,0,0,0,0,0,0,0,0
C17H16O7,0,0,0,0,2996.6666666667,0,0,0,0,0,0,0,0
C20H22N7O6,0,0,0,0,1409.3333333333,0,0,0,0,0,0,0,0
C17H26O5,0,0,0,0,1335.3333333333,0,0,0,0,0,0,0,0
C28H29N3OF2,0,0,0,10055,30179.3333333333,0,56991,0,0,8941,21076.3333333333,0,24308.6666666667
C6H9NO4,0,0,0,0,0,0,3575,0,0,0,0,0,1413
C12H18O,0,0,0,0,6359.3333333333,8510.3333333333,12188.6666666667,0,0,0,6102.6666666667,5895.6666666667,6898.3333333333
C26H28O14,239703.5,297164.5,175055,127903,1311703,1140310.33333333,1873087.66666667,51764.5,156951.5,144533.666666667,1186076.33333333,795639,1070952
C22H24O6,0,0,0,0,0,3841.3333333333,12444.3333333333,0,0,0,0,4479.3333333333,5767.3333333333
C9H17NO2,0,0,0,0,0,0,11028.6666666667,0,0,0,0,0,4165.6666666667
C8H7NO,0,0,0,0,16318.5555555556,18212.5555555556,44178.5,0,0,0,11803,28272.2222222222,20236.1666666667
C11H16O2,1756.75,65.25,2098,0,67108,242543,163093.5,346.75,0,0,133258,70938,82341.5
C13H20O2,38471,0,0,0,52301.5,37733.6666666667,28415.7777777778,5149,0,0,22533.8333333333,12447,24138.4444444444
C17H24O5,0,0,0,0,0,7189,0,0,0,0,0,729,0
C9H17N,0,0,0,0,0,2004.6666666667,0,0,0,0,0,0,0
C13H27NO2,0,0,0,0,0,3451.6666666667,0,0,0,0,0,0,0
C17H24O3,0,0,0,0,0,5493.3333333333,0,0,0,0,0,0,0
C21H20O9,0,0,0,0,0,0,10822,0,0,0,0,0,3689
C10H12O,0,0,0,0,14639.3333333333,26870,0,0,0,0,5896.6666666667,11317,0
C33H45NO11,20233,0,0,16995,52281.6666666667,0,59908.3333333333,0,0,0,20011.6666666667,0,27609.3333333333
C21H24O10,0,0,0,0,13615.3333333333,8508,11500.3333333333,0,0,0,5271.6666666667,6217.3333333333,7712.3333333333
C2H6O3PCl,2627,2704,5712.3333333333,812,638.6666666667,0,63703.3333333333,2201,21283,4640.3333333333,129.3333333333,0,19554
C12H19NO2S2,0,0,0,0,16943,0,139018,10716,0,0,14151.6666666667,0,45196.3333333333
C13H18O2,13950,0,0,0,24000.6666666667,21390,8108.1111111111,0,0,0,4930.8333333333,4690.6666666667,9866.3333333333
C20H24O6,0,0,0,0,21251.8888888889,16108,28271.2222222222,0,0,0,9961.5555555556,6932.8333333333,17002
C11H16O4,0,0,0,0,6599.2222222222,7877.6666666667,12813.3333333333,0,0,0,2672.7777777778,1623.6666666667,8188
C9H10O3,0,0,0,0,3307,1819.6666666667,0,0,0,0,737,0,0
C11H14O4,0,0,0,0,37186.1666666667,29928.8333333333,40899,0,0,0,16328.8333333333,14288.8333333333,26102.8333333333
C17H23N4O11P,0,0,0,0,0,0,16459.6666666667,0,0,0,0,0,4551.3333333333
C22H24O7,0,0,0,0,2325.6666666667,4331,11194.6666666667,0,0,0,6299,7797.3333333333,0
C13H20O,0,0,0,0,9334.1111111111,8558.3333333333,4879.3333333333,0,0,0,1917.8888888889,826.8333333333,4625.8333333333
C19H20O6,0,0,0,0,0,0,11820,0,0,0,0,0,2750
C33H40O21,321324,262910.5,359420,252455,1483580,621630,0,232554.5,303423,274770.5,65484.3333333333,178397,0
C9H8O,0,0,0,0,13335.6666666667,2490,7534.3333333333,0,0,0,4981.3333333333,3807.3333333333,1072
C11H18O2,0,0,0,0,0,0,5363,0,0,0,0,0,1093.6666666667
C21H23NO7,0,0,0,0,0,0,30512.5,0,0,0,0,0,6047.6666666667
C21H22O7,0,0,0,0,12907.3333333333,9235,17945.3333333333,0,0,0,3432,2181.3333333333,9639.3333333333
C13H16O8,0,0,0,0,0,0,6273.3333333333,0,0,0,0,0,1025.3333333333
C9H6O4,0,0,0,0,8864.3333333333,14917,16305.6666666667,0,0,0,5667.3333333333,12997,4949.3333333333
C4H6O6,0,0,0,0,0,0,4543.6666666667,0,0,0,0,0,708.3333333333
C14H21NO8,11834,0,0,0,7062.6666666667,17115,8673.3333333333,0,0,0,4372.6666666667,3510,3350
C19H32O8,52312.5,12871.5,22319,35419,56425.4444444445,52460.5,56987.3333333333,9438,0,14858,21592.2222222222,15282.3333333333,38964
C13H13N3,0,6207.5,0,0,0,0,14825.3333333333,5483.5,0,0,0,0,0
C8H10N4O3,0,0,0,0,19581.3333333333,4117.3333333333,6662.6666666667,0,0,0,0,8104.3333333333,0
C13H22O,0,0,0,0,35054.3333333333,20901.3333333333,18260,0,0,0,4360.6666666667,6965.3333333333,10205.6666666667
C8H11NO3,0,0,0,0,0,11943.3333333333,5775.6666666667,0,0,0,0,5511.3333333333,0
C13H18O7,0,0,0,0,4117.3333333333,5637.3333333333,7135.3333333333,0,0,0,772.3333333333,7015.6666666667,1417.6666666667
C20H22O6,0,0,0,0,47235.6666666667,42196,46614.3333333333,0,0,0,20699.3333333333,11372.6666666667,18805
C19H18O10,0,0,0,0,8452.6666666667,0,3603.3333333333,0,0,0,0,0,0
C7H6O4,0,0,0,0,0,0,7489.6666666667,0,0,0,0,0,581.3333333333
C42H46O23,39376,11533,0,20526,35989.8333333333,30096,20458.5,6272,0,15330,4068.1666666667,1604,7758.6666666667
C16H24O7,0,0,0,0,0,0,83184,0,0,0,0,0,3942.6666666667
C6H8O4,11843.5,12781.5,8224,16651,0,0,48561,7199.5,8990,0,0,0,0
C13H16N2O4,0,0,0,0,0,0,55726.3333333333,0,0,0,0,0,1371.3333333333
C20H24N3SCl,0,0,0,0,0,7262,12803.3333333333,0,0,0,0,4503.3333333333,2079.6666666667
C6H14N2O,0,0,0,0,0,0,19612,0,0,0,0,0,0
C11H8O4,0,0,0,0,0,0,7890,0,0,0,0,0,0
C18H14O8,0,0,0,0,0,0,7999.3333333333,0,0,0,0,0,0
C18H35NO2,0,0,0,0,0,0,3208.6666666667,0,0,0,0,0,0
C9H17NO3,0,0,0,0,0,0,3576.6666666667,0,0,0,0,0,0
C13H21NO,0,0,0,0,0,0,4200.3333333333,0,0,0,0,0,0
C6H6N2O2,0,0,0,0,0,0,5697,0,0,0,0,0,0
C8H16N2O3,0,0,0,0,0,0,7173.6666666667,0,0,0,0,0,0
C14H14O7,0,0,0,0,0,0,7847,0,0,0,0,0,0
C21H18O11,0,0,0,0,0,0,8212,0,0,0,0,0,0
C17H18O5,0,0,0,0,0,0,6380.3333333333,0,0,0,0,0,0
C20H22O4,0,0,0,0,18657,5708.6666666667,13686.3333333333,0,0,0,357,0,4803.3333333333
C21H24O7,0,0,0,0,12066,6374,8254.3333333333,0,0,0,276.6666666667,534,3476.3333333333
C6H9NO,0,0,0,0,46289,5171,62794.8333333333,0,0,0,7571.6666666667,10467.3333333333,9579.5
C20H20O5,0,0,0,0,5402,0,8178.3333333333,0,0,0,163.3333333333,0,0
C10H12,0,0,0,0,8215,11040.1111111111,18110,0,0,0,5694.3333333333,6027.4444444445,0
