Formula,High-EI 2014,High-EI 2015,High-EI 2016,High-EI 2017,High-EI 2018,High-EI 2019,High-EI 2020,Low-EI 2015,Low-EI 2016,Low-EI 2017,Low-EI 2018,Low-EI 2019,Low-EI 2020,KEGG ID,PC4 loadings
C17H19N4O10P,0,0,0,0,0,0,372.3333333333,0,0,0,15976,22875.6666666667,54832.6666666667,C21803,-0.1153689963
C17H21N4O9P,0,0,0,0,0,9069.1666666667,19337.8333333333,0,0,13713,121181.666666667,126918.333333333,339727.166666667,C00061,-0.1138724387
C23H20O11,0,15623,0,11645.5,1683.4444444445,27348.8333333333,75293.5,0,0,29631.5,267233,358718,891132.666666667,C06801,-0.1096546052
C8H8O5,0,0,0,0,0,0,0,0,0,0,0,20105.6666666667,62970,C05580 | C05616,-0.101770348
C19H25N5O4,0,0,0,0,0,0,0,0,0,0,20311.3333333333,0,11478,C07127,-0.1015646511
C2H8NO3P,0,0,0,0,0,0,0,0,0,0,0,7849.3333333333,19858.3333333333,C03557 | C03782,-0.1011809586
C9H10O5,0,0,0,0,0,1443.1666666667,0,0,0,0,0,10566.8333333333,31615.6666666667,C01207 | C05584 | C10833 | C21086 | C22038,-0.0995271422
C8H6O4,0,0,0,0,0,680,2399.6666666667,0,0,0,12690.7777777778,27687.6666666667,28877.5555555556,C01606 | C03590 | C06337 | C14096 | C14100 | C22203,-0.0993070289
C16H25NO10,0,0,0,0,0,0,0,0,0,0,0,0,37440.6666666667,C08337,-0.0981991427
C23H16O11,0,0,0,0,0,0,0,0,0,0,0,0,18063.3333333333,C06928,-0.0981991427
C24H22O11,0,0,0,0,0,0,0,0,0,0,0,0,9242.6666666667,C04385 | C12380,-0.0981991427
C24H46O4,0,0,0,0,0,0,0,0,0,0,0,0,2742,C19438,-0.0981991427
C20H20O8,0,0,0,0,0,0,0,0,0,0,0,0,8387.3333333333,C20500 | C20501,-0.0981991427
C8H9NO,0,0,0,0,13589.6666666667,4228.5,10122.8333333333,0,0,0,44561.5,11981.6666666667,53187.8333333333,C02505 | C07565 | C15561 | C16075 | C19714,-0.0953768575
C25H24O9,0,0,0,0,0,0,9350,0,0,0,12186.3333333333,0,39940,C12403 | C12407 | C18778,-0.0918054044
C10H13N5O5,0,0,0,0,0,0,2781.6666666667,0,0,0,0,0,27509,C00387 | C08432,-0.0891350826
C5H11N3O2,0,0,0,0,0,6210,7185.6666666667,11225,10553,6652,28547.6666666667,91929,68956,C01035,-0.0883993222
C10H13N5O4,0,0,0,0,1266.3333333333,1867.6666666667,1019,0,0,0,7786,9629.1666666667,7986,C00212 | C00330 | C07210,-0.0879850601
C2H4O2Cl2,0,0,0,0,1657.6666666667,0,2218.3333333333,0,0,0,601,0,22667.6666666667,C14860,-0.0878264489
C19H21N5O4,0,0,0,0,4716.3333333333,0,9827,0,0,0,49777,0,33515,C07368,-0.0875656389
C12H21N3O6,7239,6716,0,4236,1439,1317,3790,0,0,4415,10823.3333333333,36680.3333333333,27634.3333333333,C05324,-0.0873137327
C16H16O8,0,0,0,0,0,0,1382,0,0,0,0,0,9608,C10296 | C10434,-0.0850245497
C10H15N6O6P,0,0,0,0,4830,0,3683,0,0,0,31385.3333333333,0,16061.6666666667,C01655 | C03851 | C07026,-0.0828739009
C11H12N2O3,0,0,0,0,0,1627,0,0,0,0,0,7217,7974.6666666667,C00643 | C01017 | C09985 | C19716 | C21777,-0.0807486267
C20H20O7,0,0,0,0,0,0,2303.3333333333,0,0,0,0,0,11985.6666666667,C10186 | C10190 | C10883 | C20499,-0.0802143431
C14H16O10,85472,66840,21522,34048,130943.333333333,258883,245049.666666667,157328,37035,63117.5,433018.444444445,619097.666666667,695980.666666667,C10834,-0.0767511596
C9H11NO3,0,8640,0,0,86622.3333333333,51226.6666666667,34126.8333333333,13050,8746,17244,229982.666666667,157635.166666667,145461.5,C00082 | C01536 | C03290 | C04368 | C06420 | C19579 | C19712 | C20807 | C21308,-0.0750192418
C16H18O8,7071.5714285714,13765.7142857143,8643,4826,15635,22705.5,80058,13896.7142857143,15101,19204,100381,58505.3333333333,141890.5,C10432 | C10441 | C12208,-0.0746821912
C14H14O9,0,0,0,0,0,1530.3333333333,0,0,0,0,0,12846.3333333333,9929.6666666667,C02750,-0.0730829233
C14H6O8,0,0,0,0,9907.6666666667,0,10454.6666666667,0,0,0,59991.3333333333,0,26841.6666666667,C10788,-0.0729945853
C21H22O12,0,0,0,0,0,1065.6666666667,8795.6666666667,0,0,0,11550.3333333333,4760.6666666667,15504.3333333333,C17531,-0.0725187629
C16H18O9,0,0,0,0,5915.6666666667,9488.6666666667,33679.3333333333,0,0,0,64363,23273.6666666667,61261,C00852 | C01527 | C08996 | C17147,-0.0724041319
C9H11NO2,26736,39447,12561,30845,250272,532619.666666667,210720.333333333,42771,36776,79585,1501563,1426485.33333333,920374.333333333,C00079 | C02057 | C02265 | C07527 | C18090 | C18747 | C19565 | C19578 | C20487 | C20488 | C22021,-0.0723213216
C15H14N4O2,0,0,0,0,0,0,2718.6666666667,0,0,0,0,0,9318.6666666667,C20287,-0.0699296065
C21H22O11,0,11477,0,0,7577.6666666667,21191,25391,0,8022,0,42397.1666666667,50999.3333333333,56737.1666666667,C09803 | C16408 | C17449 | C17675,-0.0689903859
C18H30O2,545.5,533.25,0,0,0,0,1684.3333333333,739.5,0,0,0,0,4963.6666666667,C06426 | C06427 | C07289 | C08315 | C08364 | C15201,-0.0680252105
C11H16,0,0,0,0,0,0,2772.1666666667,0,0,0,1116.3333333333,0,6891.1666666667,C16993,-0.0674361647
C15H24O,0,0,0,0,2028.5,3873.1666666667,6258.1333333333,0,0,0,6099.6666666667,15823,17807.4666666667,C03461 | C09719 | C09720 | C14550 | C14693 | C16908 | C16945 | C16974 | C17462 | C17915 | C17953 | C17955 | C19676 | C19711 | C19938 | C20229 | C20307 | C20325 | C22012,-0.0670981869
C25H26O7,0,0,0,0,4210.6666666667,1840.6666666667,7087.3333333333,0,0,0,5862.6666666667,9472,17748.6666666667,C17868,-0.0662192188
C27H32O15,0,0,0,0,12341.3333333333,7307.6666666667,14395.3333333333,0,0,0,17491.6666666667,18065,37933.5,C08649 | C09616 | C09732 | C09805,-0.0647238714
C10H11NO4,0,0,0,0,0,0,2772,0,0,0,0,0,7950.6666666667,C03710 | C05596 | C16591,-0.0639296836
C12H18O7S,0,0,0,0,0,0,66287,12254,8741,22102,0,0,175989.333333333,C21671,-0.0637263878
C11H15N5O3S,0,0,0,0,23938.6666666667,32983,37837.6666666667,0,0,0,100445.333333333,114699,84132,C00170,-0.0625947554
C8H6O,0,0,0,0,14409.7333333333,16189.3333333333,36927.1111111111,0,0,0,53219.3333333333,37890.4444444444,67452.6666666667,C14512,-0.0620955697
C11H18N2O7,0,0,0,0,4352.3333333333,1482.3333333333,3253.3333333333,0,0,0,2704.3333333333,12040,12366.6666666667,C04421,-0.0619413031
C4H10N2O,0,0,0,0,0,0,906.3333333333,0,0,0,0,0,2236.3333333333,C14422,-0.057947813
C16H12O8,0,0,0,0,11662.6666666667,0,4172.7777777778,0,0,0,9024.3333333333,12177,14414.1111111111,C04527 | C10118 | C12633,-0.0579458588
C6H12N2O,12755,0,0,0,47479.3333333333,82101.6666666667,57079.3333333333,10492,16539,14084,113599,282488.333333333,184424.666666667,C02837 | C05328 | C19809,-0.057666872
C18H23N5O6,0,0,0,0,0,0,0,0,0,0,5345.6666666667,0,0,C21647,-0.0569260565
C15H28O11,0,0,0,0,0,0,0,0,0,0,6864.6666666667,0,0,C22292,-0.0569260565
C22H25N2OS,0,0,0,0,0,0,0,0,0,0,7203.6666666667,0,0,C07174,-0.0569260565
C25H22O9,0,0,0,0,0,0,0,0,0,0,20949.3333333333,0,0,C08600,-0.0569260565
C34H48O2,0,0,0,0,0,0,0,0,0,0,9035.3333333333,0,0,C14673,-0.0569260565
C6H4O3,0,0,0,0,0,0,0,0,0,0,4606.3333333333,4305.3333333333,0,C07103 | C20899,-0.0568820279
C8H16O4,0,0,0,0,13662.6666666667,18945.6666666667,14639,0,4513,3097,31106.6666666667,63292,42645,C11917 | C18744,-0.0568197956
C7H14N2O3,259560,166837.5,149297.5,212729,2184810.5,2470256.83333333,1895304.66666667,223783.5,444625,474363,3712703.16666667,8209173,5772393.83333333,C00437 | C01047,-0.0563844366
C9H6O2,4491.6666666667,8663.3333333333,3813,0,84848.5,110093.933333333,152087.904761905,9100.6666666667,0,9573,300571.166666667,204007,255272.904761905,C05851,-0.0554707926
C6H13NO2,10959,19966,0,14024,105839.555555556,258727.833333333,86982.8888888889,31984,40486,64354,411646,701461.166666667,329296.222222222,C00123 | C00407 | C01570 | C01933 | C02378 | C02486 | C06418 | C08263 | C16434 | C16439 | C16647 | C21092 | C21096,-0.0551486064
C15H22,0,0,0,0,786.6666666667,2802.3333333333,4336.8333333333,0,0,0,3340.6666666667,4067.3333333333,8932,C09649,-0.0550894087
C9H9N,0,0,0,0,5985.3333333333,10254.3333333333,5572.3333333333,0,0,0,19766,29705.3333333333,16446,C02596 | C08313,-0.0543453226
C30H26O13,25150,10526.6666666667,33683,23439.6666666667,66727.2222222222,50693.3333333333,49442.4666666667,12142.3333333333,19819,19864.6666666667,123595.444444444,47251.8888888889,92587.8666666667,C17140,-0.0543024079
C10H15N4O9P,0,0,0,0,782,0,0,0,0,0,11586.6666666667,0,0,C04734,-0.0537169781
C14H12O5,0,0,0,0,4195.8333333333,10491,974.6666666667,0,0,0,8260.8333333333,8410.6666666667,11751,C09010,-0.0528412031
C20H18O9,0,0,0,0,1496,8944,9388.1666666667,0,0,0,6595.5,11507.8333333333,21871.6666666667,C04719 | C10349 | C20506,-0.0525923643
C16H14O4S2,0,0,0,0,15062,0,5918.6666666667,0,0,0,18992,0,16164.6666666667,C04606,-0.051752919
C20H18O10,0,0,0,0,15240.6666666667,21265.1111111111,33823.6666666667,0,0,0,44617.8333333333,33207.8888888889,56749.5555555556,C20727,-0.0496662445
C16H29NO5,0,0,0,0,0,0,12989.8333333333,0,0,0,0,0,26047.5,C12946,-0.0481997913
C17H19N4O11P,0,0,0,0,9869,5080,0,0,0,0,12442.6666666667,7851,7398.3333333333,C21804,-0.0479358222
C30H24O12,2929.5,754,0,6132,8140.6666666667,16244,16472.3333333333,4087.5,0,3298,10175.4444444444,20136,37724,C10237,-0.0477272848
C18H34O3,854,1341.5,0,0,1527,0,0,0,0,0,6696.3333333333,0,0,C00869 | C08365 | C13791 | C19418 | C19616,-0.0464352151
C15H12O4,0,0,0,0,13398.8333333333,9752.8333333333,22152.3333333333,0,0,0,21966.6666666667,18305,38523.3333333333,C04271 | C08650 | C09762 | C09827 | C10262 | C15609 | C16404 | C16760 | C18256,-0.0464157779
C37H30O17,43093,36593,26758,48627,106329.666666667,76172.6666666667,134053,49850,18524,48869,185938.666666667,101871.666666667,184490,C10223,-0.0462297533
C27H30O14,34454,0,0,10252.5,57358.3333333333,0,0,0,0,29607,250749,0,0,C10196 | C12627 | C12628 | C16802 | C16981,-0.0460915197
C9H7N,0,0,0,0,7921,8634.6666666667,7123,0,0,0,15598.3333333333,19071.3333333333,14987.6666666667,C06323 | C06413,-0.0455529877
C24H39N5O6,8465.5,7753,18,0,8744.1666666667,0,22252.3333333333,0,0,0,20658.1666666667,0,30286.5,C15701,-0.044587615
C5H5N5O,0,0,0,0,15942.6666666667,13710.6666666667,58642.3333333333,0,0,0,29509.6666666667,155011.666666667,101046.666666667,C00242,-0.0429424213
C45H38O18,6968.75,9335,7102,12045.75,19363.7777777778,14162.5,31863.5,9340.75,5785.3333333333,10980.75,26252.4444444444,13718.8333333333,46833.25,C10239 | C17624 | C17892 | C17894 | C17897,-0.0428711957
C16H20N5O9P,0,0,0,0,18456.6666666667,1436,19998.8333333333,0,0,0,23389.3333333333,5016.6666666667,32789.6666666667,C21805,-0.042836172
C11H12N2O2,22953,40979,0,24862,211134.777777778,405555.333333333,317385.166666667,0,42987,60826,433922.888888889,868388.333333333,657368.666666667,C00078 | C00525 | C00806 | C07839 | C10743 | C10968 | C14916,-0.0424153244
C14H12O2S2,0,0,0,0,0,6879.3333333333,24497,0,0,0,0,22787.6666666667,44473.6666666667,C04485,-0.041903922
C21H20O12,119313,88664.5,56184.5,60898.6666666667,241859.888888889,328221.444444444,344745,89307,46948.5,80370.6666666667,338990.111111111,588684.333333333,618350.555555556,C05623 | C10050 | C10073 | C10108 | C12639 | C16410 | C17763,-0.0417215748
C20H15NO8,0,0,0,0,2163,0,0,0,0,0,7049.3333333333,0,0,C06627,-0.0406528273
C5H7NO3,15450.5,11608.5,11660,8344.5,153708.333333333,65014,330773,18689,40720,22171.5,248091.666666667,210988.833333333,444810,C01877 | C01879 | C02237 | C04281 | C04282 | C22141,-0.0389679526
C27H30O16,117100.5,33022.5,69265,83096.5,406662.166666667,246995.666666667,440132,24279,33215.5,87076.5,246340.333333333,193621,938617,C05625 | C10102 | C12634 | C16490 | C17563 | C19796,-0.0384969673
C8H14N2O4,5260,0,0,0,0,0,18431.6666666667,0,0,5554,0,0,30154,C06658 | C08271,-0.0379774507
C6H4O5,0,0,0,0,0,0,9896,0,0,0,0,0,16427.6666666667,C20450,-0.0377700849
C33H41O22,0,0,0,0,4852.6666666667,0,0,0,0,0,13593.6666666667,0,0,C08640 | C16314,-0.0377390031
C10H9NO3,0,0,0,0,1398.3333333333,0,0,0,0,0,3843,0,0,C05635 | C06725 | C16596 | C21619 | C21889 | C22202,-0.0373377982
C9H7NO,0,0,0,0,43560,54178.6666666667,30096,0,0,0,86935.6666666667,120703.666666667,64222.6666666667,C02796 | C06324 | C06338 | C06343 | C06415 | C08493 | C19434 | C21890,-0.0373177887
C21H20O13,237437,212397,151963,189663,1064009.66666667,426164.166666667,700556.5,209472,114763,223439,1570166.33333333,622505.833333333,978610.666666667,C10051 | C17514 | C17520,-0.0365527597
C22H24O5,0,0,0,0,8852.6666666667,0,0,0,0,0,22727.6666666667,0,0,C15145 | C21492 | C22048,-0.0358431081
C12H20O,0,0,0,0,7280.3333333333,0,2236.6666666667,0,0,0,6363,0,5795.6666666667,C08375,-0.0351863807
C10H7NO3,0,0,0,0,16014.3333333333,17359.6666666667,22613.6666666667,0,0,0,19638.3333333333,48752.3333333333,40523,C01717 | C02172 | C14800 | C14802 | C16715 | C18621 | C21891,-0.0350870761
C16H25NO,0,0,0,0,429.6666666667,0,0,0,0,0,1046.6666666667,0,0,C09883 | C17091,-0.0346204159
C23H24O12,0,0,0,0,6892.6666666667,8592.3333333333,22895.8333333333,0,0,0,14592.3333333333,10709,33060.1666666667,C10303,-0.0345898852
C16H17N5O7S2,0,0,0,0,4178.6666666667,0,0,0,0,0,10073.6666666667,0,0,C06885,-0.034370252
C14H12O4,0,0,0,0,0,0,5754.6666666667,0,0,0,0,0,8995.3333333333,C05901 | C08466 | C08743 | C09778 | C10273 | C12090 | C14283,-0.0341549236
C10H9N,0,0,0,0,17060.6666666667,30345.6666666667,13384,0,0,0,40473,72405.3333333333,29410.6666666667,C02227 | C14790,-0.0338613229
C13H18N2O,0,0,0,0,3149.1666666667,10873,13399.6666666667,0,0,0,16230.1666666667,20672,16933.6666666667,C08309,-0.0328994593
C8H13NO2,0,0,0,0,0,0,4333.6666666667,0,0,0,0,0,6622.3333333333,C06177 | C10129 | C10321 | C10866,-0.0327585433
C23H38N7O17P3S,0,0,0,0,1366.3333333333,0,0,0,0,0,3081.6666666667,0,0,C00024,-0.0327128261
C7H6O,0,0,0,0,7687.5555555556,9007.5833333333,16888,0,0,0,16902,12379.75,22797.3333333333,C00193 | C00261,-0.0325028042
C22H26O6,0,0,0,0,145809.666666667,0,0,0,0,0,322505.555555556,0,0,C10547 | C10561,-0.0322073472
C23H30O3Br2,0,0,0,0,16909,0,5533.6666666667,0,0,0,23406,0,8885.3333333333,C15359,-0.0303568949
C44H34O22,0,3135,0,0,26925.6666666667,20623,31171.5,9457,0,0,45316,27526.3333333333,40711.8333333333,C09972,-0.0291381745
C19H17N3O3Cl2,0,0,0,0,3399.3333333333,0,0,0,0,0,6693,0,0,C18459,-0.0290082949
C27H36N2O4BrCl,0,0,0,22563,39689.6666666667,0,0,0,17670,0,73895,0,0,C18212,-0.0288035958
C5H10O6,0,0,0,0,0,0,13190.3333333333,0,0,0,0,0,18897.6666666667,C00502 | C00545 | C00878 | C01685 | C05411 | C05412 | C22219,-0.0286893156
C12H23NO4,0,0,0,0,0,0,10044.6666666667,0,0,0,0,0,14295,C20826,-0.0282596281
C11H18O9,0,0,0,0,458.3333333333,2714,8968.3333333333,0,0,0,8313.3333333333,6580.3333333333,8046.6666666667,C08570 | C21186,-0.027866482
C11H21NO4,0,0,0,0,0,6651.6666666667,0,46.5,0,0,10376.3333333333,11930.3333333333,0,C02862 | C04301,-0.0275653642
C15H8O7,0,0,0,0,33612,29522,43177.3333333333,0,0,0,31956.8333333333,35290,73640.3333333333,C10394,-0.027139646
C15H16O9,0,0,0,0,36779.1666666667,11372.8333333333,82009,0,0,0,15482.8333333333,12958.3333333333,130684.888888889,C01421 | C02887 | C09206 | C09264,-0.0267856827
C17H14O8,0,0,0,0,1207.3333333333,0,0,0,0,0,2170,0,0,C04581 | C09967 | C10021 | C11620 | C17788 | C19588 | C19589,-0.0262778749
C10H10N2,0,0,0,0,0,14995.3333333333,11876.3333333333,0,0,0,0,38310,24182.6666666667,C10161 | C19463,-0.0257415803
C14H20O2,0,0,0,0,0,1181.3333333333,2691.6666666667,0,0,0,0,0,4534,C09519 | C09673,-0.0252961884
C23H25N5O5,0,0,0,0,1445.6666666667,0,23232.3333333333,0,0,0,3335.3333333333,0,29948.3333333333,C06970,-0.0252651228
C21H20O11,64283.5,51572,0,0,29858.5333333333,28630.6666666667,70758.9523809524,18479.5,0,0,22818.4666666667,70094.0833333333,99258.1428571429,C01750 | C01821 | C03951 | C08598 | C10042 | C10114 | C12249 | C12626 | C16409 | C17056,-0.0250919709
C12H20O4,0,0,0,0,0,0,2509.3333333333,0,0,0,0,0,3382.3333333333,C16308,-0.024719142
C15H11O5,0,0,0,0,0,0,24597.3333333333,0,0,0,0,0,33033.6666666667,C05904 | C08652,-0.0244775894
C12H19N4O7P2S,23129,25967,20129,33671,29187.5,22874.5,22002.3333333333,19781,13662,25948,27516.6666666667,34564.3333333333,26044.3333333333,C00068,-0.0240574814
C27H30O15,35121.25,47543.75,21310.5,42145,191608,73213.380952381,133558.833333333,32692.5,16044.75,55828.3333333333,235127,81493.8095238095,168057.722222222,C03870 | C04024 | C04199 | C08064 | C10195 | C10513 | C12630 | C17600 | C21833 | C21854,-0.0240068342
C5H9NO4,74242,79602,39768,73424,0,0,1162.6666666667,54932,114246,105439,0,0,15795.6666666667,C00025 | C00217 | C00302 | C00979 | C03618 | C03790 | C05574 | C05938 | C05941 | C12269,-0.0237814201
C26H29O15,0,0,0,0,6820.6666666667,0,0,0,0,0,11328,0,0,C20468 | C20490,-0.0237572886
C17H18O4,0,0,0,0,0,0,2882.6666666667,0,0,0,0,0,3817,C09646 | C10526 | C14294 | C20133,-0.0235408448
C6H10O4,0,0,0,0,8908.3333333333,0,0,0,0,0,14540,0,0,C00659 | C00772 | C00966 | C01053 | C04237 | C06006 | C06104 | C06762 | C14463 | C16272,-0.023183272
C12H18O3,0,629,0,0,12319.3333333333,10866.3333333333,13593.3333333333,0,0,0,13112.6666666667,13625.3333333333,21622.6666666667,C08491 | C16317,-0.0226789915
C30H27O14,11728,25670,0,0,51065,31371.6666666667,47699,0,0,0,56412.3333333333,16150.3333333333,72545,C16369 | C16370,-0.0216333662
C15H29O10P3,0,0,0,0,4720,0,0,0,0,0,7355,0,0,C03115,-0.0216231238
C5H5NO2,0,0,0,0,0,0,6758,0,0,0,0,0,8558,C01059 | C02932 | C03056 | C03927 | C05942,-0.0205523388
C11H15NO2,0,0,0,0,0,0,3958.6666666667,0,0,0,0,0,4984.3333333333,C07577 | C07875 | C09460 | C09640 | C18418 | C18957,-0.0201638845
C21H20O10,0,76674.5,17671.5,38162,95726.5,349912,144772.416666667,69466,20942,88724.5,306340.5,547832,206356.166666667,C01460 | C01714 | C04608 | C09126 | C10345 | C10420 | C16911,-0.0198553077
C7H11NO4,0,0,0,0,9471.6666666667,15476,29505.6666666667,0,0,0,20516.6666666667,37621.3333333333,33001.6666666667,C01250 | C12121 | C17366 | C21248,-0.0196961509
C23H32O4S,0,0,0,0,203128,0,0,0,0,0,298673.333333333,0,0,C14922,-0.0196066483
C9H14O3,814.8333333333,497.1666666667,2883.3333333333,0,0,0,0,390.3333333333,186,0,0,12183.3333333333,0,C14280,-0.0195893168
C15H12O6,112224.6,132575,184877,185283,539495,433872,601928.9,128978.8,181382,218683.333333333,770745.222222222,500913.142857143,678397.866666667,C00974 | C01378 | C05631 | C08724 | C09277 | C10060 | C10064 | C10083 | C10091 | C10415 | C12631 | C15525 | C16233 | C16940,-0.0195655789
C15H12O5,84962.5,73324,47643,91049,654282.666666667,184968.533333333,239381.2,71620.5,30571.5,98297.5,742586.833333333,270123.266666667,334329,C00509 | C01263 | C01592 | C03567 | C06561 | C08578 | C09047 | C09614 | C09751 | C09826 | C12087 | C14458 | C15567 | C16232 | C17673,-0.0195614996
C15H24O2,0,0,0,0,0,0,3871,0,0,0,0,2058,4387.1111111111,C02293 | C09627 | C09678 | C09681 | C09700 | C09733 | C16502 | C16946 | C17493 | C17604 | C21834,-0.0194336708
C5H11N3O,0,0,0,0,0,0,0,0,0,0,0,8695,0,C02647 | C19778 | C19782,-0.0188587149
C9H18N2O4,0,0,0,0,0,0,0,0,0,0,0,7102,0,C04020,-0.0188587149
C10H12N5O7P,0,0,0,0,0,0,0,0,0,0,0,8195.6666666667,0,C00942 | C06194 | C07025,-0.0188587149
C5H6N2O2,0,0,0,0,0,0,0,0,0,0,0,5179,0,C00178 | C02835,-0.0188587149
C7H6O5,0,0,0,0,0,0,0,0,0,0,0,10376.3333333333,0,C01424,-0.0188587149
C5H6O3,0,0,0,0,0,0,0,0,0,0,0,4069,0,C00596 | C07091 | C21187,-0.0188587149
C15H21NO2,0,0,0,0,0,0,0,0,0,0,0,15739,0,C07128 | C11792 | C14167,-0.0188587149
C17H24O6,0,0,0,0,0,0,0,0,0,0,0,10595,0,C09560,-0.0188587149
C17H24O4,0,0,0,0,0,0,0,0,0,0,0,3364.6666666667,0,C09741 | C10459,-0.0188587149
C20H28O3,0,0,0,0,0,0,0,0,0,0,0,9774.6666666667,0,C06093 | C09066 | C09163 | C09182 | C09196 | C09706 | C09845 | C14242 | C14615 | C14717 | C14887 | C15126 | C15192 | C15282 | C15287 | C16677 | C16679 | C16680 | C18016 | C21823,-0.0188587149
C20H26O3,0,0,0,0,0,0,0,0,0,0,0,9623.3333333333,0,C09119 | C09194 | C14670 | C14930 | C14999 | C15228 | C16678 | C18015,-0.0188587149
C24H34O9,0,0,0,0,4911.6666666667,0,0,0,0,0,6929,0,0,C09738,-0.0181288606
C30H28O12,0,0,0,0,0,0,22495,0,0,0,0,0,27332.3333333333,C17772 | C17773 | C17774,-0.0177408025
C22H18O11,791332.5,926373.5,1100781,824924.5,10582682.3333333,3424941,4909755.22222222,1004856,1097915,1067224,14419399,3918050,5376678.77777778,C09731 | C12379,-0.0174132163
C5H11NO2,0,10874,9428,0,0,0,0,14459,15488,13633,0,0,0,C00183 | C00431 | C00719 | C01799 | C01826 | C03571 | C06417 | C07457 | C15987 | C16436,-0.0168905714
C9H14N4O5S,0,0,0,0,50630,0,0,0,0,0,68024.6666666667,0,0,C20993,-0.0163496163
C6H6O3,31476,23492,9158,24622,12140.0833333333,15690.1666666667,17503.5,14873,11214,18120,9782.4166666667,14600.1666666667,23516,C01108 | C02183 | C02752 | C02814 | C11101 | C11918 | C20718,-0.0162837371
C6H12O5,0,0,0,0,9764,0,0,0,0,0,13046,0,0,C00507 | C00586 | C00861 | C01018 | C01019 | C01684 | C01721 | C02095 | C02338 | C02431 | C02476 | C02522 | C02781 | C07326 | C08258 | C08259 | C08352 | C16538 | C20835 | C20836 | C21033 | C21058 | C22093,-0.0161448082
C6H6N4O2,0,0,0,0,66869.3333333333,0,33589,0,0,0,49587.3333333333,0,51956.6666666667,C16353 | C16357 | C16358,-0.0160462936
C8H16O2,0,0,0,0,0,13887.6666666667,17990.3333333333,0,0,0,0,11682.6666666667,28289,C06423 | C07185,-0.01586538
C15H14N4O,0,0,0,0,22234,0,0,0,0,0,29408.3333333333,0,0,C07263 | C11739,-0.0157697458
C18H34N2O8PSCl,0,0,0,0,31926.3333333333,0,0,0,0,0,42194.6666666667,0,0,C11728,-0.0157403096
C9H8O2,0,0,0,0,2929.3333333333,3329.3333333333,6972.3333333333,0,0,0,8080.1666666667,9857.1666666667,5503.6666666667,C00423 | C02274 | C05608 | C07720 | C07728 | C10438 | C17268,-0.0155310656
C7H6O2,20190.5,16494,10527,24758,495707.533333333,331541.476190476,447481.533333333,15138,7775,27972,579364.2,437263.047619048,585502.933333333,C00180 | C00539 | C00633 | C03067 | C06202 | C15474,-0.0154585776
C5H14NO4P,6915,11920,0,0,0,0,0,13480,6646,11314,0,0,0,C22271,-0.0152743014
C6H7N3O,154539,157936,74151,55024,493867,421083.5,572236.666666667,174825,77755,74508,641739,572927.5,658857.333333333,C07054,-0.0152013494
C11H19NO9,10040,10317,8233,0,0,0,0,43778,21589,17340,0,0,0,C00270 | C03525 | C19909 | C19910 | C21053 | C22382,-0.0151527312
C4H7NO4,33125,31903,10245,16140,0,0,0,32572,45707,38320,0,0,0,C00049 | C00402 | C16433 | C19911,-0.015147514
C11H9NO2,10220,17433,0,0,0,0,0,14587,12032,18498,0,0,0,C21283,-0.0150736435
C15H23N5O4,0,0,0,0,0,0,10904.6666666667,0,0,0,0,0,12711.3333333333,C02993,-0.0148884384
C22H18O12,0,0,0,0,57067,36373,35288.1666666667,0,0,0,69553,46964.5,48742.6666666667,C10437,-0.0146502335
C10H8O2,0,0,0,0,5838.3333333333,4132.6666666667,11673.6666666667,0,0,0,8980.6666666667,7478.1666666667,12356,C03012 | C07719 | C07726 | C14785 | C16213,-0.0146134422
C20H22O5,0,0,0,0,8099.5,7018.3333333333,13339,0,0,0,10353,10524.1666666667,15995.3333333333,C05229 | C18164 | C20984,-0.0144408406
C26H37NO6,0,0,0,0,6375.6666666667,0,0,0,0,0,8113.3333333333,0,0,C12333,-0.0143243979
C12H20N2O3,0,7010,0,0,0,0,0,6265,0,4344,0,0,0,C07807,-0.0136179116
C10H14O3,229.3333333333,1112.3333333333,406.5,0,0,0,0,1976,390.5,0,0,0,0,C02952 | C06070 | C07159 | C10448 | C17822 | C17823 | C17825 | C19351 | C20271 | C21930,-0.0130828652
C6H14N4O2,11428.5,0,0,0,0,0,0,54660,135897,91465,0,0,0,C00062 | C00792 | C02385,-0.0125572166
C7H8N4O2,22281,25929,21048,36108,1296372.33333333,967221,476948.833333333,26592,33794,43514,1198854,2054729.66666667,889266.333333333,C07130 | C07480 | C13747,-0.0125571469
C25H31NO9,0,0,0,0,6057.6666666667,3723.3333333333,21789.6666666667,0,0,0,3336.6666666667,6883.6666666667,26556,C22046,-0.0123796961
C20H14O8,40632,51653,37813,0,0,0,0,24043,32218,27185,0,0,0,C10306 | C12416,-0.0121993626
C9H17NO8,0,0,0,0,0,0,0,13976,8053,0,0,0,0,C06469 | C08507,-0.0120462231
C25H43NO10,0,0,0,0,0,0,0,1147,1350,0,0,0,0,C17009,-0.011993773
C7H11NO3,47049.5,25391.5,0,19866.5,0,0,0,23717,82714,46277.5,0,0,0,C07411 | C17361 | C17724 | C20828,-0.0117798652
C16H30O3,0,1336.5714285714,0,0,0,0,0,2256.5714285714,0,0,0,0,0,C19614,-0.0117081879
C9H6O3,0,0,0,0,22314.3888888889,32320.25,35403.3333333333,0,0,0,46631.3333333333,39731.7916666667,37131.7666666667,C09315 | C20414,-0.0115487231
C6H11NO4,0,0,0,0,0,1313.6666666667,0,0,0,0,0,10084,0,C00956 | C01046 | C01077 | C02207 | C03210 | C05016 | C06234 | C17581 | C19694,-0.0114156424
C15H12O8,5862,5683,0,0,41537.6,38254.6666666667,46229.8,3594,0,0,54666.3333333333,54777.6666666667,54658.2666666667,C02906 | C03052 | C18348,-0.0113883742
C11H20O2,0,0,227.5,0,0,0,0,335,210,0,0,0,0,C08571 | C12295 | C13823 | C13910 | C19420,-0.0113691301
C4H10O3,0,0,0,0,0,0,3272,0,0,0,0,0,3622.8888888889,C14689,-0.0113143008
C8H15NO4,0,0,0,0,0,0,0,23223,6507,0,0,0,0,C02256 | C06326 | C10124 | C10132 | C11843,-0.0110727049
C8H10O3,119,302,0,0,0,0,0,370.25,0,0,0,0,0,C06317 | C10787,-0.0109902651
C9H5N4Cl,0,0,0,0,0,7743.6666666667,6143.6666666667,0,0,0,0,8857.3333333333,10227,C11164,-0.0108525665
C21H22O10,8086,10773,6322,10361,0,0,3829,0,4425,12065,0,0,3888.5,C09099 | C16406 | C16407 | C16492,-0.0107425839
C8H6O3,24069.6666666667,27197.6666666667,19057,14583.75,158869.444444444,153925.958333333,238030.722222222,24717.6666666667,16957.5,17654.25,219305.277777778,176845.875,267370.111111111,C02137 | C03057 | C10812,-0.0106619295
C8H17NO5,0,0,0,0,0,0,0,51433,0,11291,0,0,0,C02852 | C07708 | C12067,-0.010456096
C11H15N5O3,0,5260,0,0,0,0,0,27816,0,0,0,0,0,C03795,-0.01043504
C5H10N2O3,5447,6402,8444,11117,0,0,0,8782,32985,0,0,0,0,C00064 | C00303 | C00819 | C05100 | C16673 | C21029,-0.0104054784
C8H13NO5,0,13454,5830,7238,0,0,0,4596,3538,0,0,0,0,C12986,-0.0103980474
C5H9N3,67,0,31822.75,0,0,664.6666666667,0,0,52148.5,43413,0,4474,0,C00388,-0.010314239
C6H7N5O,0,0,0,0,22397.6666666667,27319,22525.6666666667,0,0,0,32942.3333333333,40594,27664.3333333333,C02230 | C02242,-0.0102971325
C19H29N5O2,229.5,919.25,0,0,0,0,0,579,0,0,0,0,0,C11805,-0.0102518012
C10H12N2O3,0,0,0,0,9495.6666666667,5558.3333333333,0,0,0,0,12808,13611.3333333333,0,C00328 | C01718 | C05647,-0.0099405512
C20H16O8,23316,16215,18763,22659,0,0,0,9058,20987,13221,0,0,0,C12366 | C18709 | C20503,-0.0098373036
C7H14N2O2S,0,0,0,0,0,0,7664.6666666667,0,0,0,0,6953.6666666667,7032,C11015 | C18645,-0.009820395
C8H12O2,75.5,677.25,365.5,0,0,0,0,208.25,106.25,0,0,0,0,C06727 | C16656 | C18011 | C19311,-0.0097783791
C6H14N2O2,0,0,0,0,0,0,0,0,6545,7018,0,0,0,C00047 | C00739 | C01142 | C01186 | C05161 | C16440 | C20277,-0.0096822022
C7H14N2O4,0,0,0,0,0,0,0,0,8301,9674,0,0,0,C00666 | C00680 | C20914 | C21887,-0.0096153924
C13H18N6O3,0,0,0,0,0,0,0,0,5389,6296,0,0,0,C01513,-0.0096131098
C10H16O,3203,5600,1229.8571428572,3296.5,0,0,0,3129,1214.4285714286,0,0,0,0,C00808 | C00809 | C00964 | C01123 | C01499 | C02213 | C02452 | C02759 | C04435 | C07271 | C09847 | C09859 | C09885 | C09893 | C09906 | C11387 | C11395 | C11398 | C11401 | C11408 | C11409 | C11412 | C11415 | C11938 | C11941 | C11942 | C11951 | C17623 | C18018 | C18369 | C19081 | C20260 | C20425 | C20943 | C22272,-0.009573256
C24H20O9,0,0,0,0,0,0,8815,0,0,0,0,0,9497.3333333333,C10217,-0.0094035448
C11H17NO8,0,0,0,0,0,0,0,6920,0,0,0,0,0,C04521 | C04580 | C08341,-0.0092171188
C12H17N5O4,0,0,0,0,0,0,0,8917,0,0,0,0,0,C03416,-0.0092171188
C10H14N2S,0,0,0,0,0,0,0,13428,0,0,0,0,0,C19086,-0.0092171188
C18H30O3,0,0,0,0,0,0,0,1519,0,0,0,0,0,C04594 | C04780 | C13798 | C14765 | C14766 | C16316 | C16326 | C16342 | C16346 | C19613 | C19827,-0.0092171188
C27H41NO6S,0,0,0,0,0,0,0,237,0,0,0,0,0,C12154,-0.0092171188
C11H11N5O4,0,0,0,0,0,0,0,7252,0,0,0,0,0,C19232,-0.0092171188
C9H17NO7,0,0,0,0,0,0,0,9132,0,0,0,0,0,C06470,-0.0092171188
C9H19O11P,0,0,0,0,0,0,0,1381,0,0,0,0,0,C01225 | C04641 | C04703 | C10517,-0.0092171188
C10H18N2O8,0,0,0,0,0,0,0,9076,0,0,0,0,0,C03411,-0.0092171188
C11H15N5O4,0,0,0,0,0,0,0,11682,0,0,0,0,0,C02494 | C05031,-0.0092171188
C20H41NO2,0,0,0,0,0,0,0,837,0,0,0,0,0,C13914,-0.0092171188
C24H36O5,0,0,0,0,0,0,0,14208,0,0,0,0,0,C07074 | C15568,-0.0092171188
C28H34O15,0,0,0,0,0,0,0,12374,0,0,0,0,0,C09755 | C09806,-0.0092171188
C18H37NO,0,0,0,0,0,0,0,18504,0,0,0,0,0,C13846,-0.0092171188
C4H8N2O3,0,0,0,0,0,0,0,6641,0,0,0,0,0,C00152 | C01043 | C01905 | C02037 | C02642 | C16438 | C19258 | C19301,-0.0092171188
C12H20O10,119005,109302,49573,107820,0,0,0,49334,45466,67317,0,0,0,C04333 | C04420,-0.0090591855
C11H20N2O6,2659,0,0,0,0,0,0,0,7948,7304,0,0,0,C00449,-0.0089828642
C8H16O,0,0,0,700,0,0,0,0,1696,813,0,0,0,C01545 | C07288 | C14272 | C17145,-0.0089337011
C12H22O11,56116,44535.5,38323.5,111217,0,0,7378.6666666667,196101,34728.5,60542,0,0,0,C00089 | C00185 | C00208 | C00243 | C00252 | C00897 | C01083 | C01235 | C01518 | C01711 | C01725 | C01728 | C01742 | C01970 | C01971 | C02048 | C02964 | C04147 | C04219 | C05400 | C05402 | C06421 | C06422 | C07064 | C08240 | C08250 | C15548 | C18068 | C19632 | C19633 | C19634 | C19636 | C19773 | C20236 | C20861 | C21336,-0.0088713616
C11H14NO6P,0,0,0,0,18821.6666666667,9009.3333333333,29939.3333333333,0,0,0,16283,13947,35010,C03506,-0.008811667
C20H14O7,20456,9134,17551,11389,0,0,0,7908,14024,8884,0,0,0,C10512 | C12258 | C12367,-0.0086738273
C8H17N,0,0,0,0,1489.3333333333,0,0,0,0,0,1631.3333333333,0,0,C06523,-0.0085457929
C10H9NO,0,0,0,0,0,2167.6666666667,0,0,0,0,0,11908.6666666667,0,C00637 | C06345 | C10663 | C14789 | C21873,-0.0084092096
C15H28O2,87.6666666667,364.8333333333,450,0,0,0,0,247.1666666667,0,0,0,0,0,C17676 | C22043,-0.0082435534
C16H30O2,489.2,2398.6,0,1402,0,0,0,911.6,0,0,0,0,0,C08362 | C21942,-0.0081365721
C24H34O4S,0,0,0,0,4188,0,0,0,0,0,4538,0,0,C15180,-0.0081217715
C17H32O2,912.6,207.6,1019,0,0,0,0,907.2,604,0,0,0,0,C12100 | C16536,-0.0080715076
C9H8O3,0,8199,0,0,46498.6666666667,55829.6666666667,75860.3333333333,1330.5,0,0,70441.4166666667,64196,84348.5555555556,C00166 | C00811 | C01772 | C02763 | C05838 | C06738 | C07114 | C10945 | C12621,-0.0080470244
C27H48O3,6081,16154,0,0,0,0,0,5137,0,0,0,0,0,C05425 | C05444 | C05454,-0.0079629309
C16H22N4O9S,2715,3313.5,8653,0,0,0,0,0,20722,0,0,0,0,C06566,-0.0079026378
C17H27N4O14P,87799,77291,117622,103030,0,0,0,31864,57658,45900,0,0,0,C21334,-0.0078430986
C9H12O2,0,5344,242.5,0,0,0,0,662,0,0,0,0,0,C01014,-0.0077762481
C12H10NOCl2F3,6327,7012,0,7141,0,0,0,7684,0,0,0,0,0,C11100,-0.0077068258
C10H19N,0,0,878,812.5,0,0,0,0,2075,305.5,0,0,0,C21571,-0.0076567042
C19H37N5O6,0,0,15482,9560,0,0,0,0,14562,9737,0,0,0,C17996,-0.0076315737
C6H13NO5,12829,15667,0,10981,0,0,0,6495,5335,0,0,0,0,C00329 | C01214 | C02262 | C03570 | C06763 | C08349 | C12212 | C17578 | C21035 | C21038 | C21048 | C21051 | C21060,-0.0075787579
C8H19N,0,0,18419,0,387.5,0,0,0,17194,0,1035.1666666667,0,0,C01740,-0.0073696537
C6H10O5,14554,11427,4957,10270,0,0,0,5769,3589,3939,0,0,0,C00478 | C01088 | C01989 | C02360 | C02488 | C02991 | C03652 | C03761 | C03827 | C03979 | C06158 | C06159 | C06474 | C06478 | C06485 | C11592 | C16390 | C17209 | C18028 | C20902 | C22311 | C22350,-0.0072760217
C4H5NO3,0,0,0,0,0,0,0,0,3123,0,0,0,0,C01596,-0.0072460686
C6H13N3,0,0,0,0,0,0,0,0,1516,0,0,0,0,C08303,-0.0072460686
C4H9NO3,0,0,0,0,0,0,0,0,6710,0,0,0,0,C00188 | C00263 | C00820 | C02115 | C03678 | C05519 | C11108 | C12317,-0.0072460686
C5H11NO3,0,0,0,0,0,0,0,0,6627,0,0,0,0,C20313,-0.0072460686
C4H7NO2,0,0,0,0,0,0,0,0,2442,0,0,0,0,C01234 | C02926 | C07509 | C08267 | C11106 | C17234 | C19456 | C19777 | C20255 | C20905,-0.0072460686
C26H35N5O12S,0,0,0,0,0,0,0,0,8229.5,0,0,0,0,C12057,-0.0072460686
C7H11N3,0,0,0,0,0,0,0,0,1669.5,0,0,0,0,C16400,-0.0072460686
C25H45NO9,0,0,0,0,0,0,0,0,1896,0,0,0,0,C15760,-0.0072460686
C8H10O2,0,0,0,0,0,0,0,0,259.6666666667,0,0,0,0,C03352 | C06044 | C06728 | C07084 | C11480 | C13638 | C20694,-0.0072460686
C21H41N5O7,0,0,12598,0,0,0,0,0,9008,5847,0,0,0,C07657,-0.0070933034
C8H8O,0,0,0,0,14178,0,0,0,0,0,14966.3333333333,0,0,C00601 | C02083 | C05627 | C06758 | C07113 | C07209 | C07214 | C20782,-0.0070929303
C8H14O5S,1649.5,10605.5,3042,0,0,0,0,0,1202.5,0,0,0,0,C17214 | C17215,-0.0070787916
C11H18,0,0,0,0,2669.6666666667,0,0,0,0,0,2797,0,0,C21795,-0.0067965587
C16H20O9,0,0,0,0,0,2801.3333333333,0,0,0,0,0,13343.3333333333,0,C09782 | C17759,-0.0067892762
C14H10O,0,10927,5131.5,0,0,0,0,0,333,0,0,0,0,C11429 | C11430 | C11431 | C11432,-0.0066626605
C18H35NO3,0,2582,0,0,0,0,0,0,0,0,0,0,0,C10167,-0.0065575481
C6H12O6,0,3707,0,0,0,0,0,0,0,0,0,0,0,C00031 | C00095 | C00124 | C00137 | C00159 | C00221 | C00247 | C00267 | C00737 | C00738 | C00764 | C00795 | C00936 | C00962 | C00984 | C01452 | C01487 | C01582 | C01680 | C01719 | C01720 | C01825 | C01906 | C01934 | C02209 | C02336 | C02782 | C05003 | C06151 | C06152 | C06153 | C06464 | C06465 | C06466 | C06467 | C06468 | C08351 | C08356 | C10906 | C15923 | C19891 | C21032 | C21050 | C21066 | C21523,-0.0065575481
C15H22O4,0,843,0,0,0,0,0,0,0,0,0,0,0,C09702 | C09717 | C10840 | C13454 | C22050,-0.0065575481
C17H34N3O14P,0,9517,0,0,0,0,0,0,0,0,0,0,0,C21260,-0.0065575481
C16H18N4O7S,0,3629,0,0,0,0,0,0,0,0,0,0,0,C10937,-0.0065575481
C11H10O5,0,3253,0,0,0,0,0,0,0,0,0,0,0,C02730 | C09271 | C10496 | C12264 | C14106 | C14107 | C17479 | C17480,-0.0065575481
C12H27O4P,0,7332,0,0,0,0,0,0,0,0,0,0,0,C14439,-0.0065575481
C19H12O7,0,10989,0,0,0,0,0,0,0,0,0,0,0,C09216 | C15095,-0.0065575481
C11H20O10,0,6514,0,0,0,0,0,0,0,0,0,0,0,C01625 | C07285 | C08245 | C11535,-0.0065575481
C11H23NO2,0,0,0,0,0,0,469262,0,0,5115,0,0,485133,C19325,-0.0065565005
C22H22O11,0,0,0,0,18150,12544.6666666667,0,0,0,0,27239.3333333333,15977,0,C05990 | C10104 | C10187 | C10533 | C17762,-0.006514825
C14H26O2,37.3333333333,0,1051.75,0,0,0,0,692,91,0,0,0,0,C08322,-0.0063839438
C18H34O2,2351,195,1322,869.3333333333,0,0,0,1421.8333333333,0,2008.6666666667,0,0,0,C00712 | C01712 | C08363 | C08367 | C12103 | C21944,-0.0063372903
C15H10O8,59122,48360,28809,36056,113956.083333333,11712.8333333333,13601.6666666667,51502,22007,44965,112467.583333333,10299.6666666667,8313,C04109 | C10107 | C10122,-0.0062949186
C9H17N4O9P,0,0,0,0,19560.6666666667,10837,15229.3333333333,0,0,0,19982.5555555556,9628.6666666667,19235.6666666667,C04454,-0.0062085316
C18H35NO,19851,8693.5,0,83313,0,0,0,10850,0,205947,0,0,0,C18786 | C19670,-0.0059927779
C12H20N3O6SCl,0,0,21479,0,0,0,0,0,22086,0,0,0,0,C20304,-0.0059249305
C37H60N7O18P3S,0,0,0,0,0,0,0,0,0,6427,0,0,0,C16331,-0.0059193808
C8H20O7P2,0,0,0,0,0,0,0,0,0,4890,0,0,0,C19017,-0.0059193808
C23H30N4O4S2,0,0,0,0,0,0,0,0,0,11316,0,0,0,C14123,-0.0059193808
C8H17NOS,0,0,0,0,0,0,0,0,0,19251,0,0,0,C17249,-0.0059193808
C9H12O,9590,6122,0,0,0,0,0,6260,0,0,0,0,0,C14311,-0.0058286312
C12H16O2,1778,0,0,0,0,0,0,2235,0,0,0,0,0,C09909 | C17853 | C17875 | C22087,-0.0056100139
C6H11N3,0,0,2591.25,0,0,0,0,0,2333.5,0,0,0,0,C05127 | C17928 | C17929,-0.0055954747
C7H6O6,0,0,0,0,0,0,7266,0,0,0,0,0,7412,C01163 | C01278 | C02167 | C02514 | C03666 | C04480 | C04484 | C04553 | C05375,-0.005562713
C9H14O,45.8,202.2,582,0,0,0,0,190,0,0,0,0,0,C08499 | C14743 | C16323,-0.0055235808
C9H14O2,122.25,257.125,1098.75,0,0,0,0,92.75,410.5,0,0,0,0,C09772,-0.0052630029
C8H11N,0,0,755,0,0,0,0,0,578,0,0,0,0,C02455 | C02846 | C05332 | C11003 | C11004 | C14455 | C18993,-0.0051612663
C26H42O4,10045,0,0,0,0,0,0,6808,3302.25,0,0,0,0,C15221,-0.0048664168
C24H41NO10,877,1513.5,0,0,0,0,0,0,45,0,0,0,0,C17008,-0.0045622903
C18H32O2,1218,0,669,0,0,0,0,1156.5,0,0,0,0,0,C01595 | C04056 | C08282 | C08321 | C08459,-0.0045233573
C5H11NO,0,0,0,1571.2,0,0,0,0,0,1908.4,0,0,0,C01842 | C03982 | C10974 | C12455 | C17255 | C19491 | C20312,-0.0044120028
C10H14O2,311,463,0,0,0,0,0,0,0,0,0,0,0,C03037 | C09777 | C09791 | C09792 | C09841 | C09887 | C09896 | C11924 | C11940 | C14351 | C14515 | C17622 | C17690 | C17824 | C18343 | C18352 | C20320 | C21929 | C22201,-0.0039550335
C6H8O7,0,0,0,0,2111.6666666667,0,12830,0,0,0,3213,0,11919,C00158 | C00311 | C00451 | C00679 | C02780 | C03600 | C03921 | C04575 | C04617 | C20889 | C20890 | C20896 | C21091 | C21095,-0.003614043
C11H20O,0,0,0,0,0,631.6666666667,0,0,0,0,0,2380,0,C20243,-0.0035928434
C4H9NO2,0,0,0,0,0,0,4438.3333333333,0,0,0,0,0,4396,C00334 | C01026 | C01205 | C02261 | C02356 | C02721 | C03284 | C03665 | C05145 | C11109 | C11735 | C19514,-0.0034864737
C20H38O2,0,0,830.3333333333,0,0,0,0,0,327,0,0,0,0,C02064 | C16526 | C21946,-0.0033910444
C6H4O4,0,0,0,0,5641.3333333333,0,7483.3333333333,0,0,0,6405.6666666667,0,6611.3333333333,C04431 | C12838 | C20449,-0.0033241881
C12H12O3,0,0,0,0,181563.333333333,0,7040.6666666667,0,0,0,186052,0,0,C09921,-0.0033130979
C12H16O3,0,0,0,0,6031.3333333333,6567.3333333333,9141,0,0,0,7005.1111111111,11162.3333333333,9805,C04561 | C04562 | C10390 | C10430 | C10451 | C15765 | C16975 | C17821 | C17846,-0.0028694269
C7H6O3,35582.8571428571,39870.7142857143,42681,26877.4,1974662.27777778,815388.666666667,2070900.77777778,34631.8571428571,36842,29167.8,2042320.77777778,860219.878787879,2177035.38888889,C00156 | C00587 | C00805 | C05585 | C10832 | C16700 | C18316,-0.0028390447
C18H32O3,2165,0,0,0,0,0,0,0,1863,0,0,0,0,C08318 | C08368 | C14762 | C14767 | C14825 | C14826 | C19617,-0.002600789
C27H34O15,0,0,0,0,62434.6666666667,47482,93933,0,0,0,73878,49143.3333333333,99172.3333333333,C11639,-0.002234258
C9H14O4,970,0,0,0,0,0,0,553.25,0,0,0,0,0,C14112,-0.0020813115
C21H16O8,0,0,9619,5687,0,0,0,0,0,2723,0,0,0,C12415 | C12417 | C12421 | C18630,-0.0018231727
C8H10N4O2,1474050.5,1596131,2931007,2262873,81847708.3333333,100007260,96941848,1683899,3538834,3221240,104945289,135618578.333333,107211820.666667,C07481,-0.0015813755
C19H27N5O3,1091,0,25.5,0,0,0,0,0,698.5,0,0,0,0,C20097,-0.0014983816
C9H12,612,440,0,0,0,0,0,0,0,0,0,0,0,C14396 | C14508 | C14518 | C14522 | C14533 | C14572,-0.0014941201
C5H6O5,0,0,0,0,28663,0,0,0,0,0,26113.8333333333,0,0,C00026 | C03716 | C05406 | C06030 | C06316 | C21632,-0.00127148
C9H17NO5,0,6200,0,5994,32613.6666666667,36546.6666666667,77395.6666666667,0,0,10436,53931,53415.6666666667,69733,C00864,-0.0012204892
C10H19NO2S2,0,0,0,0,0,0,12766.3333333333,0,0,0,0,0,12203.6666666667,C01136,-0.0009866169
C9H13N2O11P2F,0,0,0,0,8708.3333333333,8607.3333333333,16763,0,0,0,6901,9174.6666666667,19740.3333333333,C21750,-0.0008735152
C8H8N4,0,0,1308.5,0,0,0,0,0,18,0,0,0,0,C07040,-0.0007863464
C18H36O,0,0,833,0,0,0,0,0,0,0,0,0,0,C01838,-0.0006858405
C6H12OCl2,0,0,3727,0,0,0,0,0,0,0,0,0,0,C19350,-0.0006858405
C15H10O6,6115,6165,0,2532,43201.3333333333,67012.125,88352.4444444444,6687.5,5057,18515.3333333333,50168.1666666667,73167.125,99871.3333333333,C01514 | C05903 | C08576 | C08720 | C10036 | C10041 | C10097 | C10184 | C10510 | C12134 | C17786 | C17810,-0.000624729
C19H20O4,0,0,0,0,0,10981.6666666667,14531.6666666667,0,0,0,0,16897.3333333333,16993.3333333333,C09136 | C10283 | C14211 | C14935,-0.0004790903
C12H18N4O4PS,4853,2578,0,2773,0,0,0,0,0,0,0,0,0,C01081,-0.0001939561
C7H10O4,473,0,0,0,0,0,0,149.6666666667,0,0,0,0,0,C02631 | C04670 | C04815 | C05126,3.1346639540332e-05
C15H14O6,233479.333333333,217713.666666667,350475.5,435641,4641845.22222222,2237665.06666667,4844486.44444444,198890,216295.5,355593.5,4194811.88888889,2432420.6,5264047.55555556,C03648 | C05907 | C06562 | C08739 | C08742 | C09030 | C09511 | C09727 | C09728 | C09736 | C09787 | C09796 | C14079 | C17590,0.000267251
C12H12O2,0,0,0,0,0,10559,18117.6666666667,0,0,0,0,11072,21019.6666666667,C06589 | C16924,0.0003441622
C25H32N2O6,0,0,0,0,11243.6666666667,0,0,0,0,0,9812.6666666667,0,0,C01626,0.0004209623
C7H12O6,0,0,0,15608,0,0,0,0,0,0,0,0,0,C00296 | C01295 | C12113 | C17691 | C17694 | C21282,0.000538234
C4H8N2O,0,0,0,2649.5,0,0,0,0,0,0,0,0,0,C08305 | C19285,0.000538234
C14H10N4O5,0,0,0,0,14651,15962.3333333333,15382.8333333333,0,0,0,11932.1111111111,12150.3333333333,21809.1666666667,C06939,0.0008346634
C8H7N,0,0,0,0,14611.2222222222,54928.6666666667,0,0,0,0,24811,123614.666666667,0,C00463 | C16074,0.0010803531
C2H7O3P,24271,0,23635.5,0,0,0,0,0,2173,0,0,0,0,C18401 | C19406,0.0012285189
C9H16O2,1024,241,0,0,0,0,0,0,0,0,0,0,0,C02445 | C08471 | C08501 | C21642,0.0013940104
C13H20O3,0,0,0,0,8519.6666666667,0,0,0,0,0,7197.6666666667,0,0,C01760 | C04166 | C11512 | C16318,0.0016930248
C22H20N2O7,0,0,0,0,0,5170,0,0,0,0,0,14159,0,C09020,0.0020078374
C18H32O16,5333,0,0,7240,0,0,0,0,0,0,0,0,0,C00492 | C00713 | C00883 | C01835 | C02160 | C03367 | C03661 | C03848 | C05404 | C06219 | C08239 | C08243 | C08251 | C21454,0.0022744557
C11H22N5O6P,0,0,0,0,53266.3333333333,0,67613.3333333333,0,0,0,42138.3333333333,0,64012,C17944,0.0024755852
C10H10O2,0,0,0,0,17852,13620.1111111111,18081.25,0,0,0,24229.3333333333,20153.7777777778,15205.4166666667,C04314 | C04514 | C06205 | C06358 | C10472 | C10475 | C10490 | C12088 | C15419 | C20269,0.0028076402
C30H26O11,0,0,0,0,10759,7236.6666666667,14834.3333333333,0,0,0,7810,11229,16367.6666666667,C10228 | C17775 | C17776 | C17777,0.0028237826
C14H18O4,0,0,0,0,0,596.6666666667,0,0,0,0,0,1568,0,C14468 | C14469,0.0028481098
C7H14O,2924,0,0,0,0,0,0,0,0,0,0,0,0,C08380 | C14390,0.0029485616
C32H63NO3,1741,0,0,0,0,0,0,0,0,0,0,0,0,C13916,0.0029485616
C16H28O,363,0,0,0,0,0,0,0,0,0,0,0,0,C20128,0.0029485616
C18H39O7P,21007,0,0,0,0,0,0,0,0,0,0,0,0,C14446,0.0029485616
C16H22O4,0,1438,535,0,199285.333333333,551,0,0,0,0,151392.666666667,2158.3333333333,0,C03343 | C14214 | C15205,0.0057223866
C16H27NO6,0,0,0,0,5132.3333333333,0,1473.6666666667,0,0,0,4799,0,806,C10301,0.0062930123
C6H6O2,0,0,0,0,20340.3333333333,16037.7777777778,19918.1666666667,0,0,0,17829.6666666667,16109,22673.8333333333,C00090 | C00530 | C01751 | C01785 | C11115 | C15571,0.0067014842
C8H17NO,0,0,0,0,776.6666666667,0,0,0,0,0,570.1666666667,0,0,C10152 | C10168 | C19983,0.0070791268
C12H15N2O3PS,3120,0,0,0,2407.3333333333,0,0,0,0,0,1786.6666666667,0,0,C11030 | C18757,0.0071339831
C30H26O12,53610,55388.25,90466,90991.3333333333,244412.266666667,176762.933333333,271103.4,65437.5,76217,74359.3333333333,246766.933333333,165751.2,264096.866666667,C10221 | C10238 | C17639 | C17640,0.0082677517
C6H12O2,0,0,0,0,0,7018.6666666667,0,0,0,0,1156.6666666667,11945.6666666667,0,C01585 | C02948 | C03739 | C12293 | C12304 | C12313 | C21399,0.008400831
C6H13N,0,0,0,0,0,1219.6666666667,0,0,0,0,0,2503.7777777778,0,C00571,0.0084397755
C18H15N3O7S,0,0,10921,0,11363.6666666667,0,0,0,12911,0,5305.3333333333,0,0,C20799,0.0090422975
C6H5NO2,0,0,0,0,0,3556.3333333333,0,0,0,0,0,7121,0,C00253 | C06813 | C07446 | C10164,0.00905555
C9H15N4O8P,0,0,0,0,73255,32521.5,48426.6666666667,0,0,0,65807.6666666667,31356.6666666667,48538.8333333333,C04677,0.0090791697
C12H20O2,0,0,0,0,5772.6666666667,0,0,0,0,0,3977.6666666667,0,0,C08486 | C09837 | C09861 | C09863 | C11338 | C12300 | C12301 | C12302 | C12306,0.0094250027
C6H10O3,0,0,0,0,0,956.6666666667,0,0,0,0,0,1807.5,0,C00233 | C00671 | C00902 | C01012 | C02122 | C02129 | C03241 | C03465 | C03467 | C03500 | C06008 | C06102 | C12314 | C14530,0.0105256544
C14H20O3,0,18,0,0,4265.6666666667,0,4621.3333333333,0,0,0,6062.3333333333,0,2164.6666666667,C14274 | C14718,0.0105826633
C30H26O14,17410.3333333333,13526,16708,13043.25,52374.2222222222,50690.2,73917.4444444444,7151,3622,6232,47268.1666666667,49506.1333333333,77108.6111111111,C10227,0.0106566476
C5H7N3,0,0,346,0,33850.3333333333,79375.6666666667,41614.3333333333,0,3710.6666666667,0,49109,104776.333333333,40186,C10133,0.0107976017
C10H8O3,0,0,0,0,17516.6666666667,9534.25,8189,0,0,0,11575.8888888889,9245.5,11236.8333333333,C01173 | C03081 | C09268,0.0110643869
C16H13NO3ClF,0,0,0,0,8048.3333333333,9933.3333333333,0,0,0,0,12570.5,3695.3333333333,0,C18788 | C19052,0.0115716895
C9H17NO,0,0,2036,0,0,0,1894.3333333333,0,0,206,0,0,1419.6666666667,C06184,0.011755156
C18H28O4,0,0,0,0,0,1238.6666666667,0,0,0,0,0,2184,0,C10373 | C15818,0.0123342916
C15H14O7,562905.666666667,655467,520131.666666667,626451.666666667,4394108.27777778,4744912.5,9204176.11111111,531297.333333333,460588,544575.333333333,3936888.33333333,4557309.91666667,8923947,C05906 | C12127 | C12136,0.0124618271
C7H9NO,0,0,0,0,0,1395.6666666667,0,0,0,0,0,2422.6666666667,0,C19191 | C19326,0.0127514063
C8H8O4,8658,6730.5,3583,4928,181126.333333333,110716,149958.733333333,7160,4097,1931,166389.041666667,106983.4,144675.266666667,C00544 | C01161 | C01839 | C03198 | C03235 | C05343 | C05577 | C06207 | C06672 | C07087 | C10331 | C11527 | C14109 | C16215 | C21895,0.0131048574
C15H11O7,0,0,0,0,0,0,9326.6666666667,0,0,0,0,0,7211.3333333333,C05908 | C08646,0.013726924
C15H22O,0,0,0,0,14776.1666666667,9551.6666666667,0,0,0,0,13397.8333333333,11980.8333333333,0,C09729 | C09730 | C09737 | C09744 | C09745 | C09938 | C16779 | C16966 | C17090 | C17494 | C17501 | C17914 | C17954 | C19677 | C19939 | C20262 | C20308 | C22013,0.0137509787
C15H12O7,18135.6666666667,21658,29857.5,13016,547834,470644.2,654882.133333333,18494,28924.5,14581,516897.25,458122.866666667,637863.133333333,C01617 | C05911 | C12316,0.0137783043
C12H14O3,0,0,0,0,7998.6666666667,11869,22840.6666666667,0,0,0,12699.6666666667,9500.3333333333,19018.5,C04000 | C10476 | C12458 | C14567,0.0145156468
C11H10O3,0,0,0,0,1827.6666666667,1344,0,0,0,0,1268.6666666667,2608.3333333333,0,C11052 | C14105 | C15102 | C17916,0.0146051234
C12H22O,0,0,0,0,13305.3333333333,2238.6666666667,0,0,0,0,9289,2226.3333333333,0,C16286,0.0147244553
C8H8,0,0,0,0,9615.4444444445,4652,0,0,0,0,8955,2731.6666666667,0,C07083,0.0147762374
C6H10O2,7671,0,0,0,0,7925.3333333333,0,1614,0,0,0,12529.6666666667,0,C01147 | C01880 | C03228,0.0148641694
C13H26NO10PS3,0,0,0,0,5554.6666666667,0,0,0,0,0,3233,0,0,C04832,0.0153304002
C20H32N6O12S2,0,0,0,0,56982,82771,135245.666666667,0,0,0,46480.3333333333,163396.666666667,112974,C00127,0.0154009348
C5H4O3,0,0,0,0,17437.3333333333,17971,0,0,0,0,17251.3333333333,22041.6666666667,0,C01546,0.0155939136
C12H23N,0,8989,0,0,0,34411.6666666667,0,0,0,0,0,51327,0,C14686,0.0160499746
C10H12N4O4,0,0,0,0,0,7881.3333333333,0,0,0,0,0,11876.3333333333,0,C01736 | C05512 | C15586 | C21102,0.016645388
C9H10N2O,0,0,0,0,9175.6666666667,15835,6883.6666666667,0,0,0,5075,17543,10141.3333333333,C13840,0.0168208036
C15H14O5,0,8881,7526,8522,144922.833333333,107624.833333333,141472.666666667,0,0,0,104695.333333333,117115.166666667,145871.166666667,C00774 | C08929 | C08948 | C09029 | C09320 | C09735 | C09952 | C12122 | C12124 | C12128 | C13767 | C16415,0.0169581653
C10H14N5O7P,0,0,0,0,0,7128,0,0,0,0,0,10301,0,C00020 | C00362 | C00946 | C01367 | C04378 | C19970,0.0178307756
C7H4O5,0,0,0,0,0,38683.6666666667,43158.3333333333,0,0,0,0,35899.3333333333,43285,C20366,0.0183577594
C13H10O5,0,0,0,0,3833.6666666667,0,0,0,0,0,2013,0,0,C02162 | C06355 | C09285,0.0186461396
C22H18O8,0,0,0,0,0,6086.3333333333,9506,0,0,0,0,8088.6666666667,8229.3333333333,C12422 | C12423,0.0190932245
C18H22N5O8SF,0,0,0,0,3006,0,0,0,0,0,1528,0,0,C18429,0.0196423251
C29H39N5O8,0,3967,0,0,26676,0,0,0,0,0,13040.3333333333,0,0,C12012,0.0200315033
C9H16N2O4,0,0,0,0,0,0,9412,0,0,0,0,0,6574.6666666667,C15700,0.0204658913
C8H10O,0,0,1679,0,0,38009.6666666667,0,3146,0,0,0,49418,0,C05853 | C06757 | C07112 | C07213 | C07216 | C11348 | C13637 | C14385 | C14386 | C14582,0.0205339963
C17H28O2,0,0,0,0,0,4186.6666666667,0,0,0,0,0,5506.3333333333,0,C16344,0.0205364629
C23H26O7,0,0,0,0,0,4845,35257.8333333333,0,0,0,0,4232,26463,C10707,0.0207332793
C6H6N2O,0,0,0,0,103473.333333333,202945.666666667,180244,0,0,0,123958,264533,144168,C00153 | C01950 | C02421,0.0211349432
C13H14O3,0,0,0,0,15844.7777777778,11800.1666666667,17974.7333333333,0,0,0,12051.7777777778,19633.5833333333,14672,C08744 | C08979 | C09006,0.021590703
C16H26O3,0,0,0,0,0,6685.6666666667,0,0,0,0,0,8377.3333333333,0,C04834 | C09693 | C09694,0.0219389686
C10H12O3,0,0,0,0,0,1549,0,0,0,0,0,1919,0,C00590 | C15475 | C20343,0.0222686716
C21H26O7,0,0,0,0,4881.6666666667,0,7154.6666666667,0,0,0,0,0,6911.3333333333,C09412,0.0225252192
C5H5N5,0,0,0,0,4926,9947.3333333333,19340.6666666667,0,0,0,9024.5,21367.8333333333,10759.3333333333,C00147,0.0228213916
C32H26O14,0,0,0,0,11657.3333333333,0,0,0,0,0,5298,0,0,C06691,0.0228932563
C20H12O5,0,0,0,0,8711.6666666667,0,0,0,0,0,3936.3333333333,0,0,C10355,0.0230539878
C15H10O5,0,0,0,0,18204.3333333333,10057,24528.6666666667,0,0,0,15297.3333333333,13778.3333333333,18909.6666666667,C01477 | C02495 | C06563 | C08730 | C10023 | C10037 | C10044 | C10113 | C10294 | C10343 | C10369 | C10376 | C10379 | C10397 | C14313 | C14314 | C15222 | C16796,0.0231139022
C8H8O3,0,0,0,0,26911,36228.4166666667,54287.6666666667,0,0,0,24960.619047619,38326.25,46388.8888888889,C00642 | C00755 | C01983 | C01984 | C02181 | C02519 | C02639 | C02657 | C03663 | C04043 | C05593 | C05852 | C10675 | C10804 | C12064 | C12305 | C13635 | C13636 | C14088 | C14103 | C14108 | C17900 | C21167,0.0232462525
C9H10,0,0,0,0,0,19349.6666666667,0,0,0,0,0,22804,0,C14395,0.0237165578
C27H35N5O8,10896,10606,6735,0,12580,7055,0,6337,0,6662,8589,0,0,C12011,0.0237456087
C11H10O4,0,0,0,0,8226.6666666667,11693.3333333333,15736.3333333333,0,0,0,7452.3333333333,11709.3333333333,13698.3333333333,C09012 | C09311 | C14085 | C14086 | C14092 | C20210,0.0243445708
C8H13NO4,0,0,0,0,0,1602.5,0,0,0,0,0,1842.1666666667,0,C03682 | C05548 | C11842 | C12988 | C21195,0.0244368464
C15H16N4O,0,0,0,0,0,2906,0,0,0,0,0,3317,0,C19518,0.0246419247
C6H11NO2,0,1546.5,0,0,121954.833333333,82031.1111111111,155143.111111111,5557.5,6609.5,4065,102788.666666667,112367.444444444,118863.444444444,C00408 | C03969 | C05936 | C07500 | C13696 | C22223,0.0247332055
C15H14O8,6625,6697,10834,5769,208161.444444444,173965.111111111,120349.777777778,5428,8921,0,162802.222222222,194033.111111111,109999.222222222,C05909,0.0252667213
C7H8O,0,0,0,0,0,1086.6666666667,0,0,0,0,0,1211,0,C00556 | C01403 | C01467 | C01468 | C01542 | C03485,0.0253331022
C10H17N3O6S,0,0,10332,0,508.6666666667,21317.3333333333,27045,0,9295,0,5914.3333333333,32031.3333333333,17240,C00051,0.0253700313
C15H18O3,0,0,0,0,6782.1666666667,8763.1666666667,13942.8333333333,0,0,0,13712.6666666667,2051.6666666667,8291.6666666667,C02206 | C09287 | C09292 | C09300 | C09394 | C09476 | C09545 | C09601 | C09605 | C09606 | C17085 | C17490 | C17912,0.0254090324
C13H18O4,0,0,0,0,0,3589,0,0,0,0,0,3983,0,C20199,0.0254532145
C9H8O4,16625,17741,8643,7477,99950.8888888889,140233.666666667,141155.5,13985,6483,0,88333.2222222222,137037.666666667,128548.333333333,C01179 | C01197 | C01405 | C01481 | C05350 | C12623,0.0259607374
C6H8O,0,0,0,0,0,23765,0,0,0,0,0,25706,0,C02395 | C19249,0.0261903826
C25H22O10,0,0,0,0,33688.3333333333,23259.6666666667,48317.3333333333,0,0,0,38497.6666666667,22917.3333333333,31914.3333333333,C07610 | C08717 | C16808,0.026428303
C7H13NO,0,0,0,0,2143.3333333333,1351,0,0,0,0,1167.3333333333,2022.6666666667,0,C11519,0.0266296234
C9H14N5O7P,0,0,0,0,4066,0,0,0,0,0,1578.6666666667,0,0,C05925 | C20566,0.0269774461
C12H22O4,0,0,0,0,0,0,2456.3333333333,0,0,0,0,0,1543.6666666667,C02678 | C14523 | C19143,0.0271612415
C12H22O2,653,47,132,0,0,11464.6666666667,0,0,12,0,0,12044.6666666667,0,C09870 | C12298 | C16825 | C16947 | C21202,0.0272700574
C6H6O4,0,0,0,0,8036.6666666667,12973.3333333333,7173,0,0,0,13851,12718.6666666667,2171,C00682 | C02480 | C03586 | C03647 | C03743 | C04105 | C06603 | C14516 | C14610 | C20448 | C20900,0.0276064506
C11H12O3,0,0,0,0,7418.3333333333,7578.8888888889,7266.8888888889,0,0,0,2373.1666666667,10038.4444444444,7685,C10435 | C10480 | C10493 | C12343 | C14104 | C16896 | C17840 | C20465,0.0277325434
C4H4O3,0,0,0,0,5397.6666666667,17834.3333333333,64398.3333333333,0,0,0,20234.3333333333,11999.6666666667,39254.3333333333,C19524,0.02851335
C15H10O7,48662,29138,24244,32896.3333333333,148369.333333333,118755.666666667,36999.1666666667,38676,20865.6666666667,41901,123313,46053.1111111111,47069.1666666667,C00389 | C02806 | C03662 | C08577 | C10068 | C10072 | C10078 | C10079 | C10105 | C10177 | C10192 | C15031,0.0286319851
C15H24O3,0,0,0,0,0,13998.3333333333,0,0,0,0,0,13846,0,C09645 | C16504 | C17502 | C17605 | C17607 | C17612,0.0287296721
C12H18O4,0,3206,0,0,16153.75,19050.3333333333,7869,0,0,0,10424.5,31588.3333333333,4022.3333333333,C19142 | C21385 | C21669,0.0289255877
C19H22O5,0,0,0,0,35861.1428571429,40331.2,65069.6111111111,0,0,0,33242.0952380952,37911.5333333333,50819.7222222222,C09173 | C11854 | C11867 | C11871 | C18037,0.0292775627
C12H17N3O6SCl2,0,0,0,0,0,9821.3333333333,0,0,0,0,0,9497.3333333333,0,C14868,0.0293612725
C10H14,0,0,0,0,2566,19574.6666666667,0,0,0,0,7111.5555555556,10885.6666666667,0,C06575 | C14142 | C14534 | C14583 | C18150,0.0295404069
C33H40O22,0,0,5533,7690,0,0,47810.6666666667,8642,4519,7172,0,0,28151.3333333333,C12668,0.0295963503
C17H27N5O4,2506,1015,0,0,0,4401.3333333333,0,3687,0,0,0,2412.3333333333,0,C20973,0.029976934
C10H12O2,259,0,0,0,18038,19065.3333333333,10729.3333333333,0,0,0,15593,15587.3333333333,9570.3333333333,C06578 | C09858 | C09904 | C09905 | C10453 | C10469 | C12303 | C19229 | C19729 | C21793,0.0300874211
C15H8O5,0,0,0,0,0,11888.6666666667,0,0,0,0,0,11151.3333333333,0,C10205,0.0302050538
C15H22O5,0,0,0,0,0,2553.1666666667,0,0,0,0,0,2306.3333333333,0,C09482 | C09538 | C15971,0.0312333126
C15H24,0,0,0,0,0,8159.3333333333,0,0,0,0,0,7160.3333333333,0,C01841 | C01860 | C02004 | C06394 | C09625 | C09629 | C09630 | C09635 | C09637 | C09639 | C09647 | C09648 | C09665 | C09666 | C09672 | C09684 | C09691 | C09699 | C09718 | C09723 | C09740 | C09749 | C09750 | C12142 | C16028 | C16141 | C16142 | C16269 | C16775 | C16776 | C16814 | C16815 | C16829 | C17065 | C17088 | C17094 | C17120 | C17277 | C17505 | C19619 | C19708 | C19734 | C19735 | C19736 | C19737 | C19738 | C19740 | C19741 | C19742 | C19747 | C19748 | C19749 | C19752 | C19753 | C19754 | C19908 | C19973 | C20159 | C20161 | C20162 | C20163 | C20173 | C20174 | C20175 | C20177 | C20178 | C20179 | C20180 | C20182 | C20272 | C20273 | C20274 | C20275 | C20476 | C20477 | C20478 | C20480 | C20486 | C20724 | C20804 | C20811 | C21676 | C21677 | C21679 | C21684 | C21685 | C21705 | C21707 | C22044 | C22045,0.0320118838
C10H18O2,0,0,1594.3333333333,0,1324,14213.6666666667,0,0,847.6666666667,0,100.8333333333,13743.3333333333,0,C03092 | C04433 | C07276 | C09790 | C16462 | C17621 | C18020 | C18027 | C18066 | C18202 | C19082 | C20326 | C21139,0.0328302515
C13H24O2,354.5,0,573,0,50061.75,53137.0666666667,36229,1924.5,2533.5,0,20978.0833333333,29672.4,46283.25,C18206,0.0330681869
C8H10O4,0,0,0,0,5834.6666666667,12764.3333333333,8308.6666666667,0,0,0,1058.3333333333,15414.6666666667,7827.6666666667,C05576 | C06720 | C06729 | C06731 | C07123 | C16804 | C19495,0.0339478312
C26H30O15,0,19385,29516,13815,81761.6666666667,57002,0,0,30446,24074,54519.6666666667,32762.3333333333,0,C11655,0.0341365825
C9H12O3,1947,0,277,0,0,26753,0,0,0,0,0,21737.3333333333,0,C21420,0.0344217132
C7H9N5O,0,0,0,0,3519,3526,0,0,0,0,1902.3333333333,3819.3333333333,0,C16675,0.0345553575
C18H16O8,0,0,0,0,0,0,5500.3333333333,0,0,0,0,0,3024,C01850 | C04552 | C09764 | C09982 | C10031 | C10115 | C10116 | C10191 | C17787 | C17957 | C20508,0.0350597892
C12H23NO10S2,0,0,0,0,6876.6666666667,0,0,0,0,0,1546.3333333333,0,0,C08406,0.0371729227
C8H11NO,0,0,0,0,1366.6666666667,1773.1666666667,0,0,0,0,357,2253.8333333333,0,C00483 | C01183 | C02735 | C03473 | C16570 | C18396 | C19216 | C19376,0.037273458
C12H14O,0,0,0,0,0,1723.6666666667,0,0,0,0,0,1177.3333333333,0,C17783,0.0382280332
C13H16O3,0,0,0,0,32486.3333333333,15476.5555555556,51763,0,0,0,31158.6666666667,7597,29992,C09018 | C09928 | C12263,0.0385669974
C36H40N4O4Mg,0,0,0,6236,6730.3333333333,0,0,0,0,0,0,0,0,C21434,0.0388500127
C10H10O4,0,0,0,0,0,0,16099.3333333333,0,0,0,0,0,8162.8333333333,C00779 | C01494 | C02379 | C09974 | C10470 | C10477 | C11233 | C12204 | C16982,0.0395015311
C10H7NO4,0,0,0,0,6406.6666666667,11247,9649.6666666667,0,0,0,3923.6666666667,10991.6666666667,7717.3333333333,C02470 | C05663 | C08480 | C21306,0.0396538879
C13H23NO3,0,0,0,0,35437.6666666667,0,106016.666666667,0,0,0,36175.6666666667,0,49878.6666666667,C10869,0.0401403831
C6H14NO2Se,0,0,0,0,0,10013.3333333333,0,0,0,0,0,6164.3333333333,0,C05690,0.0404799882
C9H9NO6,0,0,0,0,0,0,11042.1666666667,0,0,0,0,0,5447,C05655 | C06047 | C06048,0.0409478738
C16H28O2,667,0,0,0,0,4005.6666666667,0,0,0,0,0,2460.3333333333,0,C16795 | C21980,0.0412388398
C11H14O2,0,0,0,0,1767,61480.6666666667,26162.8333333333,0,0,0,8346.3333333333,47717,15836.0833333333,C10454 | C10478 | C14535 | C14709 | C17663 | C17665 | C17666 | C17782,0.0419357805
C9H18O2,0,0,0,0,1097.6666666667,0,0,0,0,0,156,0,0,C01601,0.0421995142
C6H8O3,0,0,0,0,1523.3333333333,0,8496.6666666667,0,0,0,6207.3333333333,0,885,C01125 | C06719 | C06761 | C11354 | C20240 | C20443 | C20717,0.0425038695
C8H8O2,0,0,0,0,23752.75,22212.5555555556,24934.3333333333,0,0,0,23601.5,17676.8888888889,13660.1111111111,C00548 | C01454 | C03765 | C05613 | C06224 | C07085 | C07086 | C07189 | C07211 | C07215 | C10700 | C10761 | C14087 | C15583 | C20645 | C21166,0.0433169144
C8H5NO,0,0,0,0,4676,0,47394.6666666667,0,0,0,1755.3333333333,0,23053,C21329,0.0447737689
C8H15NO,0,0,974.3333333333,391,0,0,3379.6666666667,0,0,66,0,0,1534.3333333333,C00729 | C02066 | C06179 | C06182 | C10864 | C11359 | C12440,0.045146367
C11H12O2,0,0,0,0,48809.6666666667,55821.6666666667,62707.3333333333,0,0,0,46833.6666666667,46431.6666666667,36593.6666666667,C06359 | C08453 | C10389 | C12299 | C14083 | C14102 | C14111,0.0455038514
C12H18O2,312.5,0,1917,0,0,0,8972.6666666667,1846.75,0,0,0,0,3903,C14305 | C16937 | C17002,0.045939731
C20H20O11,0,0,0,0,3368.3333333333,1669.6666666667,7001.8333333333,0,0,0,3724,1264,3160,C10067 | C10093,0.0465801017
C27H30O17,37471,33622,15912,0,86944.3333333333,100925,121183.333333333,27426,10177.5,0,50757.5,71667.6666666667,98894,C12667,0.0467004637
C33H41O21,0,0,0,0,376105,0,0,0,0,0,20312.3333333333,0,0,C08629,0.0472858147
C15H20O4,0,0,0,0,27104,9870.3333333333,36577.6666666667,0,0,0,20901,11339.1666666667,17836.3333333333,C06082 | C09291 | C09304 | C09349 | C09355 | C09381 | C09453 | C09456 | C09470 | C09481 | C09498 | C09506 | C09530 | C09531 | C09540 | C09542 | C09574 | C09600 | C09683 | C09688 | C09708 | C10766 | C11060 | C20399 | C20402,0.0478380537
C8H14O,0,0,886,0,0,13108.3333333333,0,0,946,0,0,4786.3333333333,0,C07287 | C21138,0.0486935767
C23H24O6,0,6062,0,0,21006.5,18620,8680.3333333333,0,0,0,17374,18581.3333333333,0,C10063,0.0490081134
C26H35NO11,0,0,0,0,0,0,4407,0,0,0,0,0,1835,C21566,0.0491820938
C14H16O4,0,0,0,0,22590.5,11919.7777777778,11075.8333333333,0,0,0,2087.6666666667,4978.1111111111,13464.1666666667,C10487 | C12456 | C16788 | C20426,0.0493291522
C7H8O3,0,0,0,0,4411.8333333333,5133.1666666667,0,0,0,0,2146.1666666667,2963.3333333333,0,C03338 | C10792 | C14110 | C16401 | C18317 | C20362,0.0496828883
C3H10NO3P,0,0,0,0,5451.3333333333,9797,0,0,0,0,2780.3333333333,5571.6666666667,0,C05679,0.0498468696
C10H10O3,0,0,0,0,8770.4444444445,10771.6666666667,12690.5,0,0,0,5754.2222222222,5184.5,9389.5,C01624 | C02666 | C10667 | C14784 | C20327 | C20646,0.0499838663
C22H31NO6,0,0,0,0,44872.6666666667,0,64044.3333333333,0,0,0,15737,0,34380.3333333333,C08690,0.0501972849
C30H27O13,0,0,0,0,4407,0,0,0,0,0,0,0,0,C12095 | C16297,0.0502161521
C25H32O9,0,0,0,0,4820,0,0,0,0,0,0,0,0,C11132,0.0502161521
C17H16O7,0,0,0,0,2996.6666666667,0,0,0,0,0,0,0,0,C00495,0.0502161521
C20H22N7O6,0,0,0,0,1409.3333333333,0,0,0,0,0,0,0,0,C00445,0.0502161521
C17H26O5,0,0,0,0,1335.3333333333,0,0,0,0,0,0,0,0,C09622,0.0502161521
C28H29N3OF2,0,0,0,10055,30179.3333333333,0,56991,0,0,8941,21076.3333333333,0,24308.6666666667,C07566,0.0504858997
C6H9NO4,0,0,0,0,0,0,3575,0,0,0,0,0,1413,C00651 | C03623,0.051476522
C12H18O,0,0,0,0,6359.3333333333,8510.3333333333,12188.6666666667,0,0,0,6102.6666666667,5895.6666666667,6898.3333333333,C07523 | C14465,0.0519625602
C26H28O14,239703.5,297164.5,175055,127903,1311703,1140310.33333333,1873087.66666667,51764.5,156951.5,144533.666666667,1186076.33333333,795639,1070952,C04858 | C10110 | C10181 | C16491 | C16803,0.0524027496
C22H24O6,0,0,0,0,0,3841.3333333333,12444.3333333333,0,0,0,0,4479.3333333333,5767.3333333333,C10893,0.0533443929
C9H17NO2,0,0,0,0,0,0,11028.6666666667,0,0,0,0,0,4165.6666666667,C07018,0.0533861568
C8H7NO,0,0,0,0,16318.5555555556,18212.5555555556,44178.5,0,0,0,11803,28272.2222222222,20236.1666666667,C00561 | C02040 | C02615 | C03766 | C05658 | C12312,0.0540201995
C11H16O2,1756.75,65.25,2098,0,67108,242543,163093.5,346.75,0,0,133258,70938,82341.5,C03929,0.0540269029
C13H20O2,38471,0,0,0,52301.5,37733.6666666667,28415.7777777778,5149,0,0,22533.8333333333,12447,24138.4444444444,C14236,0.0549744298
C17H24O5,0,0,0,0,0,7189,0,0,0,0,0,729,0,C09483 | C09638,0.0556146372
C9H17N,0,0,0,0,0,2004.6666666667,0,0,0,0,0,0,0,C10165,0.0573426733
C13H27NO2,0,0,0,0,0,3451.6666666667,0,0,0,0,0,0,0,C13795,0.0573426733
C17H24O3,0,0,0,0,0,5493.3333333333,0,0,0,0,0,0,0,C09623 | C10494 | C17506 | C20000,0.0573426733
C21H20O9,0,0,0,0,0,0,10822,0,0,0,0,0,3689,C10216 | C10316 | C10346 | C10524 | C15580,0.057410072
C10H12O,0,0,0,0,14639.3333333333,26870,0,0,0,0,5896.6666666667,11317,0,C06577 | C10428 | C10452 | C14309 | C17965,0.0574531635
C33H45NO11,20233,0,0,16995,52281.6666666667,0,59908.3333333333,0,0,0,20011.6666666667,0,27609.3333333333,C08698,0.0584966411
C21H24O10,0,0,0,0,13615.3333333333,8508,11500.3333333333,0,0,0,5271.6666666667,6217.3333333333,7712.3333333333,C01604,0.0587498322
C2H6O3PCl,2627,2704,5712.3333333333,812,638.6666666667,0,63703.3333333333,2201,21283,4640.3333333333,129.3333333333,0,19554,C18399,0.0591211819
C12H19NO2S2,0,0,0,0,16943,0,139018,10716,0,0,14151.6666666667,0,45196.3333333333,C10849,0.0599155764
C13H18O2,13950,0,0,0,24000.6666666667,21390,8108.1111111111,0,0,0,4930.8333333333,4690.6666666667,9866.3333333333,C01588 | C02185,0.0619073589
C20H24O6,0,0,0,0,21251.8888888889,16108,28271.2222222222,0,0,0,9961.5555555556,6932.8333333333,17002,C09204 | C09449 | C09452 | C09513 | C09514 | C10646 | C14289 | C20454,0.062535093
C11H16O4,0,0,0,0,6599.2222222222,7877.6666666667,12813.3333333333,0,0,0,2672.7777777778,1623.6666666667,8188,C20790,0.0629318956
C9H10O3,0,0,0,0,3307,1819.6666666667,0,0,0,0,737,0,0,C01198 | C01456 | C01744 | C02201 | C02363 | C03080 | C05581 | C05607 | C10712 | C11380 | C11457 | C12206,0.0629805519
C11H14O4,0,0,0,0,37186.1666666667,29928.8333333333,40899,0,0,0,16328.8333333333,14288.8333333333,26102.8333333333,C02325 | C07350 | C10709,0.0631044435
C17H23N4O11P,0,0,0,0,0,0,16459.6666666667,0,0,0,0,0,4551.3333333333,C22379,0.0644394465
C22H24O7,0,0,0,0,2325.6666666667,4331,11194.6666666667,0,0,0,6299,7797.3333333333,0,C10557 | C17845,0.0657249391
C13H20O,0,0,0,0,9334.1111111111,8558.3333333333,4879.3333333333,0,0,0,1917.8888888889,826.8333333333,4625.8333333333,C12286 | C12287 | C14698,0.0675551032
C19H20O6,0,0,0,0,0,0,11820,0,0,0,0,0,2750,C09353 | C09388 | C10338 | C15118,0.0691884785
C33H40O21,321324,262910.5,359420,252455,1483580,621630,0,232554.5,303423,274770.5,65484.3333333333,178397,0,C12635,0.0698474422
C9H8O,0,0,0,0,13335.6666666667,2490,7534.3333333333,0,0,0,4981.3333333333,3807.3333333333,1072,C00903 | C01504 | C07727 | C16592,0.0719360037
C11H18O2,0,0,0,0,0,0,5363,0,0,0,0,0,1093.6666666667,C12294 | C14113,0.0722646426
C21H23NO7,0,0,0,0,0,0,30512.5,0,0,0,0,0,6047.6666666667,C21599 | C21600,0.0728734969
C21H22O7,0,0,0,0,12907.3333333333,9235,17945.3333333333,0,0,0,3432,2181.3333333333,9639.3333333333,C09270 | C09284 | C09307 | C09310 | C14948 | C21184,0.0751744892
C13H16O8,0,0,0,0,0,0,6273.3333333333,0,0,0,0,0,1025.3333333333,C03993,0.0765344373
C9H6O4,0,0,0,0,8864.3333333333,14917,16305.6666666667,0,0,0,5667.3333333333,12997,4949.3333333333,C03093 | C09001 | C09263 | C16828,0.0769800953
C4H6O6,0,0,0,0,0,0,4543.6666666667,0,0,0,0,0,708.3333333333,C00552 | C00898 | C02107,0.0773204781
C14H21NO8,11834,0,0,0,7062.6666666667,17115,8673.3333333333,0,0,0,4372.6666666667,3510,3350,C03996,0.0774378953
C19H32O8,52312.5,12871.5,22319,35419,56425.4444444445,52460.5,56987.3333333333,9438,0,14858,21592.2222222222,15282.3333333333,38964,C17452,0.079230006
C13H13N3,0,6207.5,0,0,0,0,14825.3333333333,5483.5,0,0,0,0,0,C19306,0.0804066781
C8H10N4O3,0,0,0,0,19581.3333333333,4117.3333333333,6662.6666666667,0,0,0,0,8104.3333333333,0,C16361,0.081204564
C13H22O,0,0,0,0,35054.3333333333,20901.3333333333,18260,0,0,0,4360.6666666667,6965.3333333333,10205.6666666667,C03527,0.0819970678
C8H11NO3,0,0,0,0,0,11943.3333333333,5775.6666666667,0,0,0,0,5511.3333333333,0,C00314 | C00547,0.0834723043
C13H18O7,0,0,0,0,4117.3333333333,5637.3333333333,7135.3333333333,0,0,0,772.3333333333,7015.6666666667,1417.6666666667,C01451 | C16964 | C17599,0.0844542062
C20H22O6,0,0,0,0,47235.6666666667,42196,46614.3333333333,0,0,0,20699.3333333333,11372.6666666667,18805,C05366 | C08831 | C09077 | C09515 | C09516 | C10317 | C10558 | C10682 | C17414 | C17508 | C17808 | C20455,0.0848982174
C19H18O10,0,0,0,0,8452.6666666667,0,3603.3333333333,0,0,0,0,0,0,C10075,0.0850905647
C7H6O4,0,0,0,0,0,0,7489.6666666667,0,0,0,0,0,581.3333333333,C00196 | C00230 | C00628 | C16748 | C21298,0.0852373053
C42H46O23,39376,11533,0,20526,35989.8333333333,30096,20458.5,6272,0,15330,4068.1666666667,1604,7758.6666666667,C12636,0.0879559359
C16H24O7,0,0,0,0,0,0,83184,0,0,0,0,0,3942.6666666667,C09965,0.0881594482
C6H8O4,11843.5,12781.5,8224,16651,0,0,48561,7199.5,8990,0,0,0,0,C00922 | C01757 | C02295 | C02930 | C19821 | C19822 | C19826,0.0897780751
C13H16N2O4,0,0,0,0,0,0,55726.3333333333,0,0,0,0,0,1371.3333333333,C04148 | C05642,0.0903057151
C20H24N3SCl,0,0,0,0,0,7262,12803.3333333333,0,0,0,0,4503.3333333333,2079.6666666667,C07403,0.0922959944
C6H14N2O,0,0,0,0,0,0,19612,0,0,0,0,0,0,C02714 | C19279,0.0925642499
C11H8O4,0,0,0,0,0,0,7890,0,0,0,0,0,0,C03657 | C06986 | C10335 | C14093 | C17018,0.0925642499
C18H14O8,0,0,0,0,0,0,7999.3333333333,0,0,0,0,0,0,C20507,0.0925642499
C18H35NO2,0,0,0,0,0,0,3208.6666666667,0,0,0,0,0,0,C06121 | C10136 | C11124,0.0925642499
C9H17NO3,0,0,0,0,0,0,3576.6666666667,0,0,0,0,0,0,C01092 | C12029,0.0925642499
C13H21NO,0,0,0,0,0,0,4200.3333333333,0,0,0,0,0,0,C09872,0.0925642499
C6H6N2O2,0,0,0,0,0,0,5697,0,0,0,0,0,0,C00785 | C02126 | C19345,0.0925642499
C8H16N2O3,0,0,0,0,0,0,7173.6666666667,0,0,0,0,0,0,C02155 | C02727 | C03846 | C12989 | C21604,0.0925642499
C14H14O7,0,0,0,0,0,0,7847,0,0,0,0,0,0,C17017,0.0925642499
C21H18O11,0,0,0,0,0,0,8212,0,0,0,0,0,0,C10025,0.0925642499
C17H18O5,0,0,0,0,0,0,6380.3333333333,0,0,0,0,0,0,C09807 | C10495 | C10507,0.0925642499
C20H22O4,0,0,0,0,18657,5708.6666666667,13686.3333333333,0,0,0,357,0,4803.3333333333,C09002 | C09031 | C09976 | C10550 | C10650,0.092605256
C21H24O7,0,0,0,0,12066,6374,8254.3333333333,0,0,0,276.6666666667,534,3476.3333333333,C09059 | C09260 | C09316 | C10891,0.0946357171
C6H9NO,0,0,0,0,46289,5171,62794.8333333333,0,0,0,7571.6666666667,10467.3333333333,9579.5,C19548,0.0949654105
C20H20O5,0,0,0,0,5402,0,8178.3333333333,0,0,0,163.3333333333,0,0,C09753 | C09832 | C10418 | C10616 | C15509 | C15510 | C16416 | C18023,0.1084029904
C10H12,0,0,0,0,8215,11040.1111111111,18110,0,0,0,5694.3333333333,6027.4444444445,0,C14114 | C14411,0.1096222736
