Domain,Subset,Mode,N_Partitions,Sweep_Set,Region_Index,Region_Label,Cutoff_Count,Expected_Cells,Eval_Cells,Finite_Value_Cells,Primary_Eligible_Cells,Finite_Eligible_Cells,Finite_Eligible_Eval_Pct,Positive_Cells,Positive_Eval_Pct,Negative_Cells,Negative_Eval_Pct,Zero_Cells,Large_Positive_Cells,Large_Positive_Eval_Pct,Large_Positive_Eligible_Pct,Large_Negative_Cells,Large_Negative_Eval_Pct,Large_Negative_Eligible_Pct,Mean_Value,Median_Value
Brite,All,Combo6yr,6,all100,1,bin 1/6: low signed-tail side,33,3300,3300,3300,3267,3267,99.000000,0,0.000000,2904,88.000000,363,0,0.000000,0.000000,2904,88.000000,88.888889,-0.888889,-1.000000
Brite,All,Combo6yr,6,all100,2,bin 2/6: low signed-tail side,33,3300,3300,3300,3267,3267,99.000000,0,0.000000,2938,89.030303,329,0,0.000000,0.000000,2938,89.030303,89.929599,-0.898990,-1.000000
Brite,All,Combo6yr,6,all100,3,bin 3/6: low-to-middle signed-cutoff region,34,3400,3400,3400,3366,3366,99.000000,819,24.088235,2285,67.205882,262,705,20.735294,20.944742,2285,67.205882,67.884730,-0.469718,-1.000000
Brite,All,Combo6yr,6,all100,4,bin 4/6: high signed-tail side,33,3300,3300,3300,3267,3267,99.000000,1269,38.454545,1720,52.121212,278,0,0.000000,0.000000,0,0.000000,0.000000,-0.007211,-0.006944
Brite,All,Combo6yr,6,all100,5,bin 5/6: high signed-tail side,33,3300,3300,3300,3267,3267,99.000000,2126,64.424242,877,26.575758,264,434,13.151515,13.284359,105,3.181818,3.213958,0.143722,0.104167
Brite,All,Combo6yr,6,all100,6,bin 6/6: high signed-tail side,33,3300,3300,3300,3267,3267,99.000000,0,0.000000,3003,91.000000,264,0,0.000000,0.000000,2511,76.090909,76.859504,-0.644537,-0.701389
Brite,All,Period1_2015_2017,6,all100,1,bin 1/6: low signed-tail side,33,3300,3300,3300,3267,3267,99.000000,0,0.000000,2874,87.090909,393,0,0.000000,0.000000,2874,87.090909,87.970615,-0.878788,-1.000000
Brite,All,Period1_2015_2017,6,all100,2,bin 2/6: low signed-tail side,33,3300,3300,3300,3267,3267,99.000000,0,0.000000,2983,90.393939,284,0,0.000000,0.000000,2983,90.393939,91.307009,-0.912764,-1.000000
Brite,All,Period1_2015_2017,6,all100,3,bin 3/6: low-to-middle signed-cutoff region,34,3400,3400,3400,3366,3366,99.000000,818,24.058824,2325,68.382353,223,737,21.676471,21.895425,2314,68.058824,68.746286,-0.469683,-1.000000
Brite,All,Period1_2015_2017,6,all100,4,bin 4/6: high signed-tail side,33,3300,3300,3300,3267,3267,99.000000,1196,36.242424,1826,55.333333,245,0,0.000000,0.000000,0,0.000000,0.000000,-0.015895,-0.017361
Brite,All,Period1_2015_2017,6,all100,5,bin 5/6: high signed-tail side,33,3300,3300,3300,3267,3267,99.000000,1724,52.242424,1296,39.272727,247,225,6.818182,6.887052,169,5.121212,5.172942,0.043126,0.013889
Brite,All,Period1_2015_2017,6,all100,6,bin 6/6: high signed-tail side,33,3300,3300,3300,3267,3267,99.000000,0,0.000000,3017,91.424242,250,0,0.000000,0.000000,2782,84.303030,85.154576,-0.784675,-0.965278
Brite,All,Period2_2018_2020,6,all100,1,bin 1/6: low signed-tail side,33,3300,3300,3300,3267,3267,99.000000,0,0.000000,2906,88.060606,361,0,0.000000,0.000000,2906,88.060606,88.950107,-0.889195,-1.000000
Brite,All,Period2_2018_2020,6,all100,2,bin 2/6: low signed-tail side,33,3300,3300,3300,3267,3267,99.000000,0,0.000000,2905,88.030303,362,0,0.000000,0.000000,2905,88.030303,88.919498,-0.889195,-1.000000
Brite,All,Period2_2018_2020,6,all100,3,bin 3/6: low-to-middle signed-cutoff region,34,3400,3400,3400,3366,3366,99.000000,719,21.147059,2361,69.441176,286,585,17.205882,17.379679,2360,69.411765,70.112894,-0.525711,-1.000000
Brite,All,Period2_2018_2020,6,all100,4,bin 4/6: high signed-tail side,33,3300,3300,3300,3267,3267,99.000000,930,28.181818,2139,64.818182,198,0,0.000000,0.000000,0,0.000000,0.000000,-0.023771,-0.024306
Brite,All,Period2_2018_2020,6,all100,5,bin 5/6: high signed-tail side,33,3300,3300,3300,3267,3267,99.000000,1109,33.606061,1960,59.393939,198,0,0.000000,0.000000,0,0.000000,0.000000,-0.009606,-0.017361
Brite,All,Period2_2018_2020,6,all100,6,bin 6/6: high signed-tail side,33,3300,3300,3300,3267,3267,99.000000,1761,53.363636,1213,36.757576,293,429,13.000000,13.131313,58,1.757576,1.775329,0.145703,0.090278
Brite,PM,Combo6yr,6,all100,1,bin 1/6: low signed-tail side,33,3300,3300,3300,3267,3267,99.000000,0,0.000000,2739,83.000000,528,0,0.000000,0.000000,2739,83.000000,83.838384,-0.838384,-1.000000
Brite,PM,Combo6yr,6,all100,2,bin 2/6: low signed-tail side,33,3300,3300,3300,3267,3267,99.000000,0,0.000000,2789,84.515152,478,0,0.000000,0.000000,2789,84.515152,85.368840,-0.853535,-1.000000
Brite,PM,Combo6yr,6,all100,3,bin 3/6: low-to-middle signed-cutoff region,34,3400,3400,3400,3366,3366,99.000000,704,20.705882,2288,67.294118,374,663,19.500000,19.696970,2217,65.205882,65.864528,-0.465348,-1.000000
Brite,PM,Combo6yr,6,all100,4,bin 4/6: high signed-tail side,33,3300,3300,0,0,0,0.000000,0,0.000000,0,0.000000,0,0,0.000000,,0,0.000000,,,
Brite,PM,Combo6yr,6,all100,5,bin 5/6: high signed-tail side,33,3300,3300,2500,2357,2357,71.424242,1015,30.757576,675,20.454545,667,540,16.363636,22.910479,109,3.303030,4.624523,0.121805,0.000000
Brite,PM,Combo6yr,6,all100,6,bin 6/6: high signed-tail side,33,3300,3300,3300,3251,3251,98.515152,0,0.000000,2582,78.242424,669,0,0.000000,0.000000,2580,78.181818,79.360197,-0.790667,-1.000000
Brite,PM,Period1_2015_2017,6,all100,1,bin 1/6: low signed-tail side,33,3300,3300,3300,3267,3267,99.000000,0,0.000000,2768,83.878788,499,0,0.000000,0.000000,2768,83.878788,84.726048,-0.846648,-1.000000
Brite,PM,Period1_2015_2017,6,all100,2,bin 2/6: low signed-tail side,33,3300,3300,3300,3267,3267,99.000000,0,0.000000,2906,88.060606,361,0,0.000000,0.000000,2906,88.060606,88.950107,-0.889348,-1.000000
Brite,PM,Period1_2015_2017,6,all100,3,bin 3/6: low-to-middle signed-cutoff region,34,3400,3400,3400,3366,3366,99.000000,810,23.823529,2268,66.705882,288,715,21.029412,21.241830,2182,64.176471,64.824718,-0.434129,-1.000000
Brite,PM,Period1_2015_2017,6,all100,4,bin 4/6: high signed-tail side,33,3300,3300,0,0,0,0.000000,0,0.000000,0,0.000000,0,0,0.000000,,0,0.000000,,,
Brite,PM,Period1_2015_2017,6,all100,5,bin 5/6: high signed-tail side,33,3300,3300,2500,2357,2357,71.424242,1019,30.878788,660,20.000000,678,444,13.454545,18.837505,110,3.333333,4.666950,0.111839,0.000000
Brite,PM,Period1_2015_2017,6,all100,6,bin 6/6: high signed-tail side,33,3300,3300,3300,3250,3250,98.484848,0,0.000000,2594,78.606061,656,0,0.000000,0.000000,2592,78.545455,79.753846,-0.793404,-1.000000
Brite,PM,Period2_2018_2020,6,all100,1,bin 1/6: low signed-tail side,33,3300,3300,3300,3267,3267,99.000000,0,0.000000,2739,83.000000,528,0,0.000000,0.000000,2739,83.000000,83.838384,-0.837772,-1.000000
Brite,PM,Period2_2018_2020,6,all100,2,bin 2/6: low signed-tail side,33,3300,3300,3300,3267,3267,99.000000,0,0.000000,2738,82.969697,529,0,0.000000,0.000000,2738,82.969697,83.807775,-0.837925,-1.000000
Brite,PM,Period2_2018_2020,6,all100,3,bin 3/6: low-to-middle signed-cutoff region,34,3400,3400,3400,3366,3366,99.000000,605,17.794118,2346,69.000000,415,589,17.323529,17.498515,2256,66.352941,67.023173,-0.494314,-1.000000
Brite,PM,Period2_2018_2020,6,all100,4,bin 4/6: high signed-tail side,33,3300,3300,0,0,0,0.000000,0,0.000000,0,0.000000,0,0,0.000000,,0,0.000000,,,
Brite,PM,Period2_2018_2020,6,all100,5,bin 5/6: high signed-tail side,33,3300,3300,0,0,0,0.000000,0,0.000000,0,0.000000,0,0,0.000000,,0,0.000000,,,
Brite,PM,Period2_2018_2020,6,all100,6,bin 6/6: high signed-tail side,33,3300,3300,2400,2237,2237,67.787879,368,11.151515,1313,39.787879,556,2,0.060606,0.089405,875,26.515152,39.114886,-0.399835,-0.083333
Brite,SM,Combo6yr,6,all100,1,bin 1/6: low signed-tail side,33,3300,3300,3300,3267,3267,99.000000,0,0.000000,2761,83.666667,506,0,0.000000,0.000000,2761,83.666667,84.511785,-0.844812,-1.000000
Brite,SM,Combo6yr,6,all100,2,bin 2/6: low signed-tail side,33,3300,3300,3300,3267,3267,99.000000,0,0.000000,2798,84.787879,469,0,0.000000,0.000000,2798,84.787879,85.644322,-0.856443,-1.000000
Brite,SM,Combo6yr,6,all100,3,bin 3/6: low-to-middle signed-cutoff region,34,3400,3400,3400,3366,3366,99.000000,707,20.794118,2297,67.558824,362,698,20.529412,20.736780,2295,67.500000,68.181818,-0.485923,-1.000000
Brite,SM,Combo6yr,6,all100,4,bin 4/6: high signed-tail side,33,3300,3300,3300,3267,3267,99.000000,1678,50.848485,1324,40.121212,265,0,0.000000,0.000000,0,0.000000,0.000000,-0.003236,0.000000
Brite,SM,Combo6yr,6,all100,5,bin 5/6: high signed-tail side,33,3300,3300,3300,3267,3267,99.000000,2576,78.060606,373,11.303030,318,465,14.090909,14.233242,16,0.484848,0.489746,0.206532,0.145833
Brite,SM,Combo6yr,6,all100,6,bin 6/6: high signed-tail side,33,3300,3300,3300,3267,3267,99.000000,2038,61.757576,960,29.090909,269,588,17.818182,17.998163,5,0.151515,0.153046,0.181222,0.076389
Brite,SM,Period1_2015_2017,6,all100,1,bin 1/6: low signed-tail side,33,3300,3300,3300,3267,3267,99.000000,78,2.363636,2511,76.090909,678,10,0.303030,0.306091,2511,76.090909,76.859504,-0.742288,-1.000000
Brite,SM,Period1_2015_2017,6,all100,2,bin 2/6: low signed-tail side,33,3300,3300,3300,3267,3267,99.000000,298,9.030303,2406,72.909091,563,201,6.090909,6.152433,2246,68.060606,68.748087,-0.586413,-0.937500
Brite,SM,Period1_2015_2017,6,all100,3,bin 3/6: low-to-middle signed-cutoff region,34,3400,3400,3400,3366,3366,99.000000,406,11.941176,2572,75.647059,388,274,8.058824,8.140226,2414,71.000000,71.717172,-0.598848,-0.979167
Brite,SM,Period1_2015_2017,6,all100,4,bin 4/6: high signed-tail side,33,3300,3300,3300,3267,3267,99.000000,1375,41.666667,1686,51.090909,206,0,0.000000,0.000000,0,0.000000,0.000000,-0.009564,-0.010417
Brite,SM,Period1_2015_2017,6,all100,5,bin 5/6: high signed-tail side,33,3300,3300,3300,3267,3267,99.000000,2092,63.393939,890,26.969697,285,336,10.181818,10.284665,83,2.515152,2.540557,0.128833,0.062500
Brite,SM,Period1_2015_2017,6,all100,6,bin 6/6: high signed-tail side,33,3300,3300,3300,3267,3267,99.000000,530,16.060606,2468,74.787879,269,72,2.181818,2.203857,1740,52.727273,53.259871,-0.406066,-0.500000
Brite,SM,Period2_2018_2020,6,all100,1,bin 1/6: low signed-tail side,33,3300,3300,3300,3267,3267,99.000000,0,0.000000,2805,85.000000,462,0,0.000000,0.000000,2805,85.000000,85.858586,-0.858586,-1.000000
Brite,SM,Period2_2018_2020,6,all100,2,bin 2/6: low signed-tail side,33,3300,3300,3300,3267,3267,99.000000,0,0.000000,2805,85.000000,462,0,0.000000,0.000000,2805,85.000000,85.858586,-0.858586,-1.000000
Brite,SM,Period2_2018_2020,6,all100,3,bin 3/6: low-to-middle signed-cutoff region,34,3400,3400,3400,3366,3366,99.000000,786,23.117647,2209,64.970588,371,683,20.088235,20.291147,2198,64.647059,65.300059,-0.427026,-0.986111
Brite,SM,Period2_2018_2020,6,all100,4,bin 4/6: high signed-tail side,33,3300,3300,3300,3267,3267,99.000000,1329,40.272727,1740,52.727273,198,0,0.000000,0.000000,0,0.000000,0.000000,-0.011249,-0.017361
Brite,SM,Period2_2018_2020,6,all100,5,bin 5/6: high signed-tail side,33,3300,3300,3300,3267,3267,99.000000,1829,55.424242,1208,36.606061,230,0,0.000000,0.000000,0,0.000000,0.000000,0.006936,0.010417
Brite,SM,Period2_2018_2020,6,all100,6,bin 6/6: high signed-tail side,33,3300,3300,3300,3267,3267,99.000000,2221,67.303030,701,21.242424,345,768,23.272727,23.507805,12,0.363636,0.367309,0.258261,0.277778
Formula,All,Combo6yr,6,all100,1,bin 1/6: low signed-tail side,33,3300,3300,3300,3267,3267,99.000000,0,0.000000,3044,92.242424,223,0,0.000000,0.000000,3044,92.242424,93.174166,-0.927297,-1.000000
Formula,All,Combo6yr,6,all100,2,bin 2/6: low signed-tail side,33,3300,3300,3300,3267,3267,99.000000,0,0.000000,3099,93.909091,168,0,0.000000,0.000000,2973,90.090909,91.000918,-0.912026,-1.000000
Formula,All,Combo6yr,6,all100,3,bin 3/6: low-to-middle signed-cutoff region,34,3400,3400,3400,3366,3366,99.000000,1091,32.088235,2182,64.176471,93,946,27.823529,28.104575,2053,60.382353,60.992276,-0.315562,-0.902778
Formula,All,Combo6yr,6,all100,4,bin 4/6: high signed-tail side,33,3300,3300,3300,3267,3267,99.000000,0,0.000000,0,0.000000,3267,0,0.000000,0.000000,0,0.000000,0.000000,0.000000,0.000000
Formula,All,Combo6yr,6,all100,5,bin 5/6: high signed-tail side,33,3300,3300,3300,3267,3267,99.000000,1080,32.727273,258,7.818182,1929,465,14.090909,14.233242,6,0.181818,0.183655,0.129624,0.000000
Formula,All,Combo6yr,6,all100,6,bin 6/6: high signed-tail side,33,3300,3300,3300,3264,3264,98.909091,2272,68.848485,180,5.454545,812,1191,36.090909,36.488971,56,1.696970,1.715686,0.332070,0.354167
Formula,All,Period1_2015_2017,6,all100,1,bin 1/6: low signed-tail side,33,3300,3300,3300,3263,3263,98.878788,94,2.848485,2965,89.848485,204,94,2.848485,2.880785,2916,88.363636,89.365614,-0.788381,-0.972222
Formula,All,Period1_2015_2017,6,all100,2,bin 2/6: low signed-tail side,33,3300,3300,3300,3267,3267,99.000000,144,4.363636,3027,91.727273,96,35,1.060606,1.071319,2950,89.393939,90.296908,-0.870785,-1.000000
Formula,All,Period1_2015_2017,6,all100,3,bin 3/6: low-to-middle signed-cutoff region,34,3400,3400,3400,3358,3358,98.764706,86,2.529412,3222,94.764706,50,86,2.529412,2.561048,3104,91.294118,92.435974,-0.877872,-1.000000
Formula,All,Period1_2015_2017,6,all100,4,bin 4/6: high signed-tail side,33,3300,3300,3300,3267,3267,99.000000,0,0.000000,0,0.000000,3267,0,0.000000,0.000000,0,0.000000,0.000000,0.000000,0.000000
Formula,All,Period1_2015_2017,6,all100,5,bin 5/6: high signed-tail side,33,3300,3300,3300,3267,3267,99.000000,1071,32.454545,421,12.757576,1775,517,15.666667,15.824916,8,0.242424,0.244873,0.144141,0.000000
Formula,All,Period1_2015_2017,6,all100,6,bin 6/6: high signed-tail side,33,3300,3300,3300,3265,3265,98.939394,2631,79.727273,2,0.060606,632,1845,55.909091,56.508423,0,0.000000,0.000000,0.482293,0.520833
Formula,All,Period2_2018_2020,6,all100,1,bin 1/6: low signed-tail side,33,3300,3300,3300,3267,3267,99.000000,0,0.000000,3035,91.969697,232,0,0.000000,0.000000,3035,91.969697,92.898684,-0.902538,-0.986111
Formula,All,Period2_2018_2020,6,all100,2,bin 2/6: low signed-tail side,33,3300,3300,3300,3266,3266,98.969697,0,0.000000,3035,91.969697,231,0,0.000000,0.000000,3035,91.969697,92.927128,-0.905948,-0.986111
Formula,All,Period2_2018_2020,6,all100,3,bin 3/6: low-to-middle signed-cutoff region,34,3400,3400,3400,3364,3364,98.941176,1502,44.176471,1717,50.500000,145,1277,37.558824,37.960761,1439,42.323529,42.776457,-0.060337,-0.114583
Formula,All,Period2_2018_2020,6,all100,4,bin 4/6: high signed-tail side,33,3300,3300,3300,3267,3267,99.000000,0,0.000000,0,0.000000,3267,0,0.000000,0.000000,0,0.000000,0.000000,0.000000,0.000000
Formula,All,Period2_2018_2020,6,all100,5,bin 5/6: high signed-tail side,33,3300,3300,3300,3267,3267,99.000000,0,0.000000,0,0.000000,3267,0,0.000000,0.000000,0,0.000000,0.000000,0.000000,0.000000
Formula,All,Period2_2018_2020,6,all100,6,bin 6/6: high signed-tail side,33,3300,3300,3300,3263,3263,98.878788,194,5.878788,555,16.818182,2514,9,0.272727,0.275820,149,4.515152,4.566350,-0.050490,0.000000
Formula,PM,Combo6yr,6,all100,1,bin 1/6: low signed-tail side,33,3300,3300,3300,3267,3267,99.000000,0,0.000000,2909,88.151515,358,0,0.000000,0.000000,2909,88.151515,89.041934,-0.884368,-1.000000
Formula,PM,Combo6yr,6,all100,2,bin 2/6: low signed-tail side,33,3300,3300,3300,3267,3267,99.000000,0,0.000000,2994,90.727273,273,0,0.000000,0.000000,2994,90.727273,91.643710,-0.915334,-1.000000
Formula,PM,Combo6yr,6,all100,3,bin 3/6: low-to-middle signed-cutoff region,34,3400,3400,3400,3366,3366,99.000000,1007,29.617647,2216,65.176471,143,840,24.705882,24.955437,2087,61.382353,62.002377,-0.368875,-0.909722
Formula,PM,Combo6yr,6,all100,4,bin 4/6: high signed-tail side,33,3300,3300,0,0,0,0.000000,0,0.000000,0,0.000000,0,0,0.000000,,0,0.000000,,,
Formula,PM,Combo6yr,6,all100,5,bin 5/6: high signed-tail side,33,3300,3300,2500,2374,2374,71.939394,966,29.272727,98,2.969697,1310,764,23.151515,32.181971,1,0.030303,0.042123,0.279684,0.000000
Formula,PM,Combo6yr,6,all100,6,bin 6/6: high signed-tail side,33,3300,3300,3300,3258,3258,98.727273,904,27.393939,1762,53.393939,592,431,13.060606,13.228975,941,28.515152,28.882750,-0.153424,-0.111111
Formula,PM,Period1_2015_2017,6,all100,1,bin 1/6: low signed-tail side,33,3300,3300,3300,3267,3267,99.000000,159,4.818182,2793,84.636364,315,91,2.757576,2.785430,1956,59.272727,59.871442,-0.582572,-0.756944
Formula,PM,Period1_2015_2017,6,all100,2,bin 2/6: low signed-tail side,33,3300,3300,3300,3266,3266,98.969697,0,0.000000,3117,94.454545,149,0,0.000000,0.000000,2949,89.363636,90.293938,-0.860563,-1.000000
Formula,PM,Period1_2015_2017,6,all100,3,bin 3/6: low-to-middle signed-cutoff region,34,3400,3400,3400,3356,3356,98.705882,620,18.235294,2636,77.529412,100,241,7.088235,7.181168,2051,60.323529,61.114422,-0.509016,-0.722222
Formula,PM,Period1_2015_2017,6,all100,4,bin 4/6: high signed-tail side,33,3300,3300,0,0,0,0.000000,0,0.000000,0,0.000000,0,0,0.000000,,0,0.000000,,,
Formula,PM,Period1_2015_2017,6,all100,5,bin 5/6: high signed-tail side,33,3300,3300,2500,2374,2374,71.939394,938,28.424242,137,4.151515,1299,769,23.303030,32.392586,0,0.000000,0.000000,0.277488,0.000000
Formula,PM,Period1_2015_2017,6,all100,6,bin 6/6: high signed-tail side,33,3300,3300,3300,3260,3260,98.787879,979,29.666667,1713,51.909091,568,507,15.363636,15.552147,812,24.606061,24.907975,-0.105676,-0.048611
Formula,PM,Period2_2018_2020,6,all100,1,bin 1/6: low signed-tail side,33,3300,3300,3300,3267,3267,99.000000,0,0.000000,2850,86.363636,417,0,0.000000,0.000000,2850,86.363636,87.235996,-0.871187,-1.000000
Formula,PM,Period2_2018_2020,6,all100,2,bin 2/6: low signed-tail side,33,3300,3300,3300,3267,3267,99.000000,0,0.000000,2854,86.484848,413,0,0.000000,0.000000,2854,86.484848,87.358433,-0.872062,-1.000000
Formula,PM,Period2_2018_2020,6,all100,3,bin 3/6: low-to-middle signed-cutoff region,34,3400,3400,3400,3364,3364,98.941176,1011,29.735294,2167,63.735294,186,833,24.500000,24.762188,1974,58.058824,58.680143,-0.328067,-0.934028
Formula,PM,Period2_2018_2020,6,all100,4,bin 4/6: high signed-tail side,33,3300,3300,0,0,0,0.000000,0,0.000000,0,0.000000,0,0,0.000000,,0,0.000000,,,
Formula,PM,Period2_2018_2020,6,all100,5,bin 5/6: high signed-tail side,33,3300,3300,0,0,0,0.000000,0,0.000000,0,0.000000,0,0,0.000000,,0,0.000000,,,
Formula,PM,Period2_2018_2020,6,all100,6,bin 6/6: high signed-tail side,33,3300,3300,2400,2246,2246,68.060606,531,16.090909,833,25.242424,882,83,2.515152,3.695459,352,10.666667,15.672306,-0.104675,0.000000
Formula,SM,Combo6yr,6,all100,1,bin 1/6: low signed-tail side,33,3300,3300,3300,3267,3267,99.000000,1274,38.606061,1603,48.575758,390,230,6.969697,7.040098,1145,34.696970,35.047444,-0.206818,0.000000
Formula,SM,Combo6yr,6,all100,2,bin 2/6: low signed-tail side,33,3300,3300,3300,3267,3267,99.000000,269,8.151515,2693,81.606061,305,152,4.606061,4.652586,2562,77.636364,78.420569,-0.718704,-0.993056
Formula,SM,Combo6yr,6,all100,3,bin 3/6: low-to-middle signed-cutoff region,34,3400,3400,3400,3366,3366,99.000000,1570,46.176471,1624,47.764706,172,1324,38.941176,39.334522,1478,43.470588,43.909685,-0.041347,0.000000
Formula,SM,Combo6yr,6,all100,4,bin 4/6: high signed-tail side,33,3300,3300,3300,3267,3267,99.000000,0,0.000000,0,0.000000,3267,0,0.000000,0.000000,0,0.000000,0.000000,0.000000,0.000000
Formula,SM,Combo6yr,6,all100,5,bin 5/6: high signed-tail side,33,3300,3300,3300,3267,3267,99.000000,1163,35.242424,209,6.333333,1895,782,23.696970,23.936333,0,0.000000,0.000000,0.223034,0.000000
Formula,SM,Combo6yr,6,all100,6,bin 6/6: high signed-tail side,33,3300,3300,3300,3266,3266,98.969697,2277,69.000000,0,0.000000,989,2274,68.909091,69.626454,0,0.000000,0.000000,0.655569,0.937500
Formula,SM,Period1_2015_2017,6,all100,1,bin 1/6: low signed-tail side,33,3300,3300,3300,3266,3266,98.969697,2612,79.151515,267,8.090909,387,2230,67.575758,68.279241,63,1.909091,1.928965,0.580480,0.805556
Formula,SM,Period1_2015_2017,6,all100,2,bin 2/6: low signed-tail side,33,3300,3300,3300,3265,3265,98.939394,1361,41.242424,1706,51.696970,198,1213,36.757576,37.151608,1328,40.242424,40.673813,-0.076642,-0.131944
Formula,SM,Period1_2015_2017,6,all100,3,bin 3/6: low-to-middle signed-cutoff region,34,3400,3400,3400,3358,3358,98.764706,2294,67.470588,928,27.294118,136,1670,49.117647,49.731983,485,14.264706,14.443121,0.341320,0.472222
Formula,SM,Period1_2015_2017,6,all100,4,bin 4/6: high signed-tail side,33,3300,3300,3300,3267,3267,99.000000,0,0.000000,0,0.000000,3267,0,0.000000,0.000000,0,0.000000,0.000000,0.000000,0.000000
Formula,SM,Period1_2015_2017,6,all100,5,bin 5/6: high signed-tail side,33,3300,3300,3300,3267,3267,99.000000,1264,38.303030,269,8.151515,1734,896,27.151515,27.425773,3,0.090909,0.091827,0.248715,0.000000
Formula,SM,Period1_2015_2017,6,all100,6,bin 6/6: high signed-tail side,33,3300,3300,3300,3266,3266,98.969697,2479,75.121212,0,0.000000,787,2476,75.030303,75.811390,0,0.000000,0.000000,0.721869,0.979167
Formula,SM,Period2_2018_2020,6,all100,1,bin 1/6: low signed-tail side,33,3300,3300,3300,3267,3267,99.000000,46,1.393939,2803,84.939394,418,0,0.000000,0.000000,1259,38.151515,38.536884,-0.413074,-0.375000
Formula,SM,Period2_2018_2020,6,all100,2,bin 2/6: low signed-tail side,33,3300,3300,3300,3267,3267,99.000000,127,3.848485,2729,82.696970,411,0,0.000000,0.000000,1402,42.484848,42.913988,-0.436507,-0.430556
Formula,SM,Period2_2018_2020,6,all100,3,bin 3/6: low-to-middle signed-cutoff region,34,3400,3400,3400,3365,3365,98.970588,1561,45.911765,1573,46.264706,231,1433,42.147059,42.585438,1519,44.676471,45.141159,-0.041213,0.000000
Formula,SM,Period2_2018_2020,6,all100,4,bin 4/6: high signed-tail side,33,3300,3300,3300,3267,3267,99.000000,0,0.000000,0,0.000000,3267,0,0.000000,0.000000,0,0.000000,0.000000,0.000000,0.000000
Formula,SM,Period2_2018_2020,6,all100,5,bin 5/6: high signed-tail side,33,3300,3300,3300,3267,3267,99.000000,0,0.000000,0,0.000000,3267,0,0.000000,0.000000,0,0.000000,0.000000,0.000000,0.000000
Formula,SM,Period2_2018_2020,6,all100,6,bin 6/6: high signed-tail side,33,3300,3300,3300,3264,3264,98.909091,644,19.515152,36,1.090909,2584,345,10.454545,10.569853,0,0.000000,0.000000,0.097054,0.000000
Pathway,All,Combo6yr,6,all100,1,bin 1/6: low signed-tail side,33,3300,3300,3300,3267,3267,99.000000,0,0.000000,3135,95.000000,132,0,0.000000,0.000000,3135,95.000000,95.959596,-0.959596,-1.000000
Pathway,All,Combo6yr,6,all100,2,bin 2/6: low signed-tail side,33,3300,3300,3300,3267,3267,99.000000,0,0.000000,3149,95.424242,118,0,0.000000,0.000000,3149,95.424242,96.388124,-0.963881,-1.000000
Pathway,All,Combo6yr,6,all100,3,bin 3/6: low-to-middle signed-cutoff region,34,3400,3400,3400,3366,3366,99.000000,679,19.970588,2605,76.617647,82,679,19.970588,20.172311,2605,76.617647,77.391563,-0.561079,-1.000000
Pathway,All,Combo6yr,6,all100,4,bin 4/6: high signed-tail side,33,3300,3300,3300,3267,3267,99.000000,1269,38.454545,1513,45.848485,485,0,0.000000,0.000000,0,0.000000,0.000000,-0.008584,0.000000
Pathway,All,Combo6yr,6,all100,5,bin 5/6: high signed-tail side,33,3300,3300,3300,3267,3267,99.000000,1821,55.181818,1022,30.969697,424,383,11.606061,11.723294,181,5.484848,5.540251,0.067580,0.010417
Pathway,All,Combo6yr,6,all100,6,bin 6/6: high signed-tail side,33,3300,3300,3300,3261,3261,98.818182,355,10.757576,2624,79.515152,282,275,8.333333,8.432996,2564,77.696970,78.626188,-0.674463,-1.000000
Pathway,All,Period1_2015_2017,6,all100,1,bin 1/6: low signed-tail side,33,3300,3300,3300,3267,3267,99.000000,0,0.000000,3155,95.606061,112,0,0.000000,0.000000,3155,95.606061,96.571778,-0.965259,-1.000000
Pathway,All,Period1_2015_2017,6,all100,2,bin 2/6: low signed-tail side,33,3300,3300,3300,3267,3267,99.000000,0,0.000000,3198,96.909091,69,0,0.000000,0.000000,3198,96.909091,97.887971,-0.978880,-1.000000
Pathway,All,Period1_2015_2017,6,all100,3,bin 3/6: low-to-middle signed-cutoff region,34,3400,3400,3400,3366,3366,99.000000,1873,55.088235,1443,42.441176,50,1808,53.176471,53.713607,1394,41.000000,41.414141,0.107263,0.760417
Pathway,All,Period1_2015_2017,6,all100,4,bin 4/6: high signed-tail side,33,3300,3300,3300,3267,3267,99.000000,1366,41.393939,1499,45.424242,402,0,0.000000,0.000000,0,0.000000,0.000000,0.000874,0.000000
Pathway,All,Period1_2015_2017,6,all100,5,bin 5/6: high signed-tail side,33,3300,3300,3300,3267,3267,99.000000,1744,52.848485,1132,34.303030,391,342,10.363636,10.468320,221,6.696970,6.764616,0.036735,0.020833
Pathway,All,Period1_2015_2017,6,all100,6,bin 6/6: high signed-tail side,33,3300,3300,3300,3260,3260,98.787879,358,10.848485,2647,80.212121,255,274,8.303030,8.404908,2563,77.666667,78.619632,-0.684569,-1.000000
Pathway,All,Period2_2018_2020,6,all100,1,bin 1/6: low signed-tail side,33,3300,3300,3300,3267,3267,99.000000,0,0.000000,3135,95.000000,132,0,0.000000,0.000000,3135,95.000000,95.959596,-0.959596,-1.000000
Pathway,All,Period2_2018_2020,6,all100,2,bin 2/6: low signed-tail side,33,3300,3300,3300,3267,3267,99.000000,0,0.000000,3135,95.000000,132,0,0.000000,0.000000,3135,95.000000,95.959596,-0.959596,-1.000000
Pathway,All,Period2_2018_2020,6,all100,3,bin 3/6: low-to-middle signed-cutoff region,34,3400,3400,3400,3366,3366,99.000000,579,17.029412,2684,78.941176,103,526,15.470588,15.626857,2683,78.911765,79.708853,-0.644309,-1.000000
Pathway,All,Period2_2018_2020,6,all100,4,bin 4/6: high signed-tail side,33,3300,3300,3300,3267,3267,99.000000,1264,38.303030,1631,49.424242,372,0,0.000000,0.000000,0,0.000000,0.000000,-0.005876,0.000000
Pathway,All,Period2_2018_2020,6,all100,5,bin 5/6: high signed-tail side,33,3300,3300,3300,3267,3267,99.000000,744,22.545455,2125,64.393939,398,0,0.000000,0.000000,0,0.000000,0.000000,-0.029963,-0.024306
Pathway,All,Period2_2018_2020,6,all100,6,bin 6/6: high signed-tail side,33,3300,3300,3300,3256,3256,98.666667,904,27.393939,1941,58.818182,411,184,5.575758,5.651106,1110,33.636364,34.090909,-0.288511,-0.072917
Pathway,PM,Combo6yr,6,all100,1,bin 1/6: low signed-tail side,33,3300,3300,3300,3267,3267,99.000000,0,0.000000,3102,94.000000,165,0,0.000000,0.000000,3102,94.000000,94.949495,-0.949495,-1.000000
Pathway,PM,Combo6yr,6,all100,2,bin 2/6: low signed-tail side,33,3300,3300,3300,3267,3267,99.000000,0,0.000000,3132,94.909091,135,0,0.000000,0.000000,3132,94.909091,95.867769,-0.958219,-1.000000
Pathway,PM,Combo6yr,6,all100,3,bin 3/6: low-to-middle signed-cutoff region,34,3400,3400,3400,3366,3366,99.000000,776,22.823529,2504,73.647059,86,776,22.823529,23.054070,2504,73.647059,74.390969,-0.521029,-1.000000
Pathway,PM,Combo6yr,6,all100,4,bin 4/6: high signed-tail side,33,3300,3300,0,0,0,0.000000,0,0.000000,0,0.000000,0,0,0.000000,,0,0.000000,,,
Pathway,PM,Combo6yr,6,all100,5,bin 5/6: high signed-tail side,33,3300,3300,2500,2338,2338,70.848485,1370,41.515152,570,17.272727,398,645,19.545455,27.587682,138,4.181818,5.902481,0.179700,0.086806
Pathway,PM,Combo6yr,6,all100,6,bin 6/6: high signed-tail side,33,3300,3300,3300,3243,3243,98.272727,270,8.181818,2715,82.272727,258,263,7.969697,8.109775,2617,79.303030,80.696886,-0.718301,-1.000000
Pathway,PM,Period1_2015_2017,6,all100,1,bin 1/6: low signed-tail side,33,3300,3300,3300,3267,3267,99.000000,0,0.000000,3155,95.606061,112,0,0.000000,0.000000,3155,95.606061,96.571778,-0.965412,-1.000000
Pathway,PM,Period1_2015_2017,6,all100,2,bin 2/6: low signed-tail side,33,3300,3300,3300,3267,3267,99.000000,0,0.000000,3198,96.909091,69,0,0.000000,0.000000,3198,96.909091,97.887971,-0.978727,-1.000000
Pathway,PM,Period1_2015_2017,6,all100,3,bin 3/6: low-to-middle signed-cutoff region,34,3400,3400,3400,3366,3366,99.000000,1858,54.647059,1461,42.970588,47,1715,50.441176,50.950683,1404,41.294118,41.711230,0.082989,0.555556
Pathway,PM,Period1_2015_2017,6,all100,4,bin 4/6: high signed-tail side,33,3300,3300,0,0,0,0.000000,0,0.000000,0,0.000000,0,0,0.000000,,0,0.000000,,,
Pathway,PM,Period1_2015_2017,6,all100,5,bin 5/6: high signed-tail side,33,3300,3300,2500,2338,2338,70.848485,1349,40.878788,596,18.060606,393,607,18.393939,25.962361,145,4.393939,6.201882,0.187745,0.159722
Pathway,PM,Period1_2015_2017,6,all100,6,bin 6/6: high signed-tail side,33,3300,3300,3300,3243,3243,98.272727,341,10.333333,2645,80.151515,257,263,7.969697,8.109775,2636,79.878788,81.282763,-0.715385,-1.000000
Pathway,PM,Period2_2018_2020,6,all100,1,bin 1/6: low signed-tail side,33,3300,3300,3300,3267,3267,99.000000,0,0.000000,3069,93.000000,198,0,0.000000,0.000000,3069,93.000000,93.939394,-0.939394,-1.000000
Pathway,PM,Period2_2018_2020,6,all100,2,bin 2/6: low signed-tail side,33,3300,3300,3300,3267,3267,99.000000,0,0.000000,3069,93.000000,198,0,0.000000,0.000000,3069,93.000000,93.939394,-0.939394,-1.000000
Pathway,PM,Period2_2018_2020,6,all100,3,bin 3/6: low-to-middle signed-cutoff region,34,3400,3400,3400,3366,3366,99.000000,580,17.058824,2673,78.617647,113,580,17.058824,17.231135,2673,78.617647,79.411765,-0.624787,-1.000000
Pathway,PM,Period2_2018_2020,6,all100,4,bin 4/6: high signed-tail side,33,3300,3300,0,0,0,0.000000,0,0.000000,0,0.000000,0,0,0.000000,,0,0.000000,,,
Pathway,PM,Period2_2018_2020,6,all100,5,bin 5/6: high signed-tail side,33,3300,3300,0,0,0,0.000000,0,0.000000,0,0.000000,0,0,0.000000,,0,0.000000,,,
Pathway,PM,Period2_2018_2020,6,all100,6,bin 6/6: high signed-tail side,33,3300,3300,2400,2164,2164,65.575758,575,17.424242,1335,40.454545,254,1,0.030303,0.046211,899,27.242424,41.543438,-0.419516,-0.194444
Pathway,SM,Combo6yr,6,all100,1,bin 1/6: low signed-tail side,33,3300,3300,3300,3267,3267,99.000000,0,0.000000,3074,93.151515,193,0,0.000000,0.000000,3074,93.151515,94.092440,-0.940771,-1.000000
Pathway,SM,Combo6yr,6,all100,2,bin 2/6: low signed-tail side,33,3300,3300,3300,3267,3267,99.000000,0,0.000000,3109,94.212121,158,0,0.000000,0.000000,3109,94.212121,95.163759,-0.951638,-1.000000
Pathway,SM,Combo6yr,6,all100,3,bin 3/6: low-to-middle signed-cutoff region,34,3400,3400,3400,3366,3366,99.000000,1193,35.088235,2057,60.500000,116,1087,31.970588,32.293523,1974,58.058824,58.645276,-0.254481,-1.000000
Pathway,SM,Combo6yr,6,all100,4,bin 4/6: high signed-tail side,33,3300,3300,3300,3267,3267,99.000000,1275,38.636364,1520,46.060606,472,0,0.000000,0.000000,0,0.000000,0.000000,-0.008953,0.000000
Pathway,SM,Combo6yr,6,all100,5,bin 5/6: high signed-tail side,33,3300,3300,3300,3267,3267,99.000000,2071,62.757576,773,23.424242,423,769,23.303030,23.538414,2,0.060606,0.061218,0.256813,0.187500
Pathway,SM,Combo6yr,6,all100,6,bin 6/6: high signed-tail side,33,3300,3300,3300,3261,3261,98.818182,1150,34.848485,1782,54.000000,329,803,24.333333,24.624348,1433,43.424242,43.943576,-0.180106,-0.180556
Pathway,SM,Period1_2015_2017,6,all100,1,bin 1/6: low signed-tail side,33,3300,3300,3300,3267,3267,99.000000,0,0.000000,3109,94.212121,158,0,0.000000,0.000000,3109,94.212121,95.163759,-0.951638,-1.000000
Pathway,SM,Period1_2015_2017,6,all100,2,bin 2/6: low signed-tail side,33,3300,3300,3300,3267,3267,99.000000,0,0.000000,3171,96.090909,96,0,0.000000,0.000000,3171,96.090909,97.061524,-0.967467,-1.000000
Pathway,SM,Period1_2015_2017,6,all100,3,bin 3/6: low-to-middle signed-cutoff region,34,3400,3400,3400,3366,3366,99.000000,1764,51.882353,1531,45.029412,71,1708,50.235294,50.742721,1464,43.058824,43.493761,0.071406,0.805556
Pathway,SM,Period1_2015_2017,6,all100,4,bin 4/6: high signed-tail side,33,3300,3300,3300,3267,3267,99.000000,1449,43.909091,1419,43.000000,399,0,0.000000,0.000000,0,0.000000,0.000000,0.001626,0.000000
Pathway,SM,Period1_2015_2017,6,all100,5,bin 5/6: high signed-tail side,33,3300,3300,3300,3267,3267,99.000000,2066,62.606061,811,24.575758,390,704,21.333333,21.548822,29,0.878788,0.887665,0.208111,0.083333
Pathway,SM,Period1_2015_2017,6,all100,6,bin 6/6: high signed-tail side,33,3300,3300,3300,3259,3259,98.757576,1218,36.909091,1741,52.757576,300,765,23.181818,23.473458,1424,43.151515,43.694385,-0.191271,-0.312500
Pathway,SM,Period2_2018_2020,6,all100,1,bin 1/6: low signed-tail side,33,3300,3300,3300,3267,3267,99.000000,0,0.000000,3069,93.000000,198,0,0.000000,0.000000,3069,93.000000,93.939394,-0.939394,-1.000000
Pathway,SM,Period2_2018_2020,6,all100,2,bin 2/6: low signed-tail side,33,3300,3300,3300,3267,3267,99.000000,0,0.000000,3069,93.000000,198,0,0.000000,0.000000,3069,93.000000,93.939394,-0.939394,-1.000000
Pathway,SM,Period2_2018_2020,6,all100,3,bin 3/6: low-to-middle signed-cutoff region,34,3400,3400,3400,3366,3366,99.000000,807,23.735294,2415,71.029412,144,708,20.823529,21.033868,2190,64.411765,65.062389,-0.447956,-1.000000
Pathway,SM,Period2_2018_2020,6,all100,4,bin 4/6: high signed-tail side,33,3300,3300,3300,3267,3267,99.000000,1412,42.787879,1488,45.090909,367,0,0.000000,0.000000,0,0.000000,0.000000,-0.004685,0.000000
Pathway,SM,Period2_2018_2020,6,all100,5,bin 5/6: high signed-tail side,33,3300,3300,3300,3267,3267,99.000000,1774,53.757576,1107,33.545455,386,0,0.000000,0.000000,0,0.000000,0.000000,0.016703,0.010417
Pathway,SM,Period2_2018_2020,6,all100,6,bin 6/6: high signed-tail side,33,3300,3300,3300,3256,3256,98.666667,1507,45.666667,1314,39.818182,435,673,20.393939,20.669533,204,6.181818,6.265356,0.106752,0.000000
Brite,All,Combo6yr,6,finite99,1,bin 1/6: low signed-tail side,33,3267,3267,3267,3267,3267,100.000000,0,0.000000,2904,88.888889,363,0,0.000000,0.000000,2904,88.888889,88.888889,-0.888889,-1.000000
Brite,All,Combo6yr,6,finite99,2,bin 2/6: low signed-tail side,33,3267,3267,3267,3267,3267,100.000000,0,0.000000,2938,89.929599,329,0,0.000000,0.000000,2938,89.929599,89.929599,-0.898990,-1.000000
Brite,All,Combo6yr,6,finite99,3,bin 3/6: low-to-middle signed-cutoff region,34,3366,3366,3366,3366,3366,100.000000,819,24.331551,2285,67.884730,262,705,20.944742,20.944742,2285,67.884730,67.884730,-0.469718,-1.000000
Brite,All,Combo6yr,6,finite99,4,bin 4/6: high signed-tail side,33,3267,3267,3267,3267,3267,100.000000,1269,38.842975,1720,52.647689,278,0,0.000000,0.000000,0,0.000000,0.000000,-0.007211,-0.006944
Brite,All,Combo6yr,6,finite99,5,bin 5/6: high signed-tail side,33,3267,3267,3267,3267,3267,100.000000,2126,65.074992,877,26.844200,264,434,13.284359,13.284359,105,3.213958,3.213958,0.143722,0.104167
Brite,All,Combo6yr,6,finite99,6,bin 6/6: high signed-tail side,33,3267,3267,3267,3267,3267,100.000000,0,0.000000,3003,91.919192,264,0,0.000000,0.000000,2511,76.859504,76.859504,-0.644537,-0.701389
Brite,All,Period1_2015_2017,6,finite99,1,bin 1/6: low signed-tail side,33,3267,3267,3267,3267,3267,100.000000,0,0.000000,2874,87.970615,393,0,0.000000,0.000000,2874,87.970615,87.970615,-0.878788,-1.000000
Brite,All,Period1_2015_2017,6,finite99,2,bin 2/6: low signed-tail side,33,3267,3267,3267,3267,3267,100.000000,0,0.000000,2983,91.307009,284,0,0.000000,0.000000,2983,91.307009,91.307009,-0.912764,-1.000000
Brite,All,Period1_2015_2017,6,finite99,3,bin 3/6: low-to-middle signed-cutoff region,34,3366,3366,3366,3366,3366,100.000000,818,24.301842,2325,69.073084,223,737,21.895425,21.895425,2314,68.746286,68.746286,-0.469683,-1.000000
Brite,All,Period1_2015_2017,6,finite99,4,bin 4/6: high signed-tail side,33,3267,3267,3267,3267,3267,100.000000,1196,36.608509,1826,55.892256,245,0,0.000000,0.000000,0,0.000000,0.000000,-0.015895,-0.017361
Brite,All,Period1_2015_2017,6,finite99,5,bin 5/6: high signed-tail side,33,3267,3267,3267,3267,3267,100.000000,1724,52.770125,1296,39.669421,247,225,6.887052,6.887052,169,5.172942,5.172942,0.043126,0.013889
Brite,All,Period1_2015_2017,6,finite99,6,bin 6/6: high signed-tail side,33,3267,3267,3267,3267,3267,100.000000,0,0.000000,3017,92.347720,250,0,0.000000,0.000000,2782,85.154576,85.154576,-0.784675,-0.965278
Brite,All,Period2_2018_2020,6,finite99,1,bin 1/6: low signed-tail side,33,3267,3267,3267,3267,3267,100.000000,0,0.000000,2906,88.950107,361,0,0.000000,0.000000,2906,88.950107,88.950107,-0.889195,-1.000000
Brite,All,Period2_2018_2020,6,finite99,2,bin 2/6: low signed-tail side,33,3267,3267,3267,3267,3267,100.000000,0,0.000000,2905,88.919498,362,0,0.000000,0.000000,2905,88.919498,88.919498,-0.889195,-1.000000
Brite,All,Period2_2018_2020,6,finite99,3,bin 3/6: low-to-middle signed-cutoff region,34,3366,3366,3366,3366,3366,100.000000,719,21.360665,2361,70.142602,286,585,17.379679,17.379679,2360,70.112894,70.112894,-0.525711,-1.000000
Brite,All,Period2_2018_2020,6,finite99,4,bin 4/6: high signed-tail side,33,3267,3267,3267,3267,3267,100.000000,930,28.466483,2139,65.472911,198,0,0.000000,0.000000,0,0.000000,0.000000,-0.023771,-0.024306
Brite,All,Period2_2018_2020,6,finite99,5,bin 5/6: high signed-tail side,33,3267,3267,3267,3267,3267,100.000000,1109,33.945516,1960,59.993878,198,0,0.000000,0.000000,0,0.000000,0.000000,-0.009606,-0.017361
Brite,All,Period2_2018_2020,6,finite99,6,bin 6/6: high signed-tail side,33,3267,3267,3267,3267,3267,100.000000,1761,53.902663,1213,37.128864,293,429,13.131313,13.131313,58,1.775329,1.775329,0.145703,0.090278
Brite,PM,Combo6yr,6,finite99,1,bin 1/6: low signed-tail side,33,3267,3267,3267,3267,3267,100.000000,0,0.000000,2739,83.838384,528,0,0.000000,0.000000,2739,83.838384,83.838384,-0.838384,-1.000000
Brite,PM,Combo6yr,6,finite99,2,bin 2/6: low signed-tail side,33,3267,3267,3267,3267,3267,100.000000,0,0.000000,2789,85.368840,478,0,0.000000,0.000000,2789,85.368840,85.368840,-0.853535,-1.000000
Brite,PM,Combo6yr,6,finite99,3,bin 3/6: low-to-middle signed-cutoff region,34,3366,3366,3366,3366,3366,100.000000,704,20.915033,2288,67.973856,374,663,19.696970,19.696970,2217,65.864528,65.864528,-0.465348,-1.000000
Brite,PM,Combo6yr,6,finite99,4,bin 4/6: high signed-tail side,33,3267,3267,0,0,0,0.000000,0,0.000000,0,0.000000,0,0,0.000000,,0,0.000000,,,
Brite,PM,Combo6yr,6,finite99,5,bin 5/6: high signed-tail side,33,3267,3267,2475,2357,2357,72.145699,1015,31.068258,675,20.661157,667,540,16.528926,22.910479,109,3.336394,4.624523,0.121805,0.000000
Brite,PM,Combo6yr,6,finite99,6,bin 6/6: high signed-tail side,33,3267,3267,3267,3251,3251,99.510254,0,0.000000,2582,79.032752,669,0,0.000000,0.000000,2580,78.971534,79.360197,-0.790667,-1.000000
Brite,PM,Period1_2015_2017,6,finite99,1,bin 1/6: low signed-tail side,33,3267,3267,3267,3267,3267,100.000000,0,0.000000,2768,84.726048,499,0,0.000000,0.000000,2768,84.726048,84.726048,-0.846648,-1.000000
Brite,PM,Period1_2015_2017,6,finite99,2,bin 2/6: low signed-tail side,33,3267,3267,3267,3267,3267,100.000000,0,0.000000,2906,88.950107,361,0,0.000000,0.000000,2906,88.950107,88.950107,-0.889348,-1.000000
Brite,PM,Period1_2015_2017,6,finite99,3,bin 3/6: low-to-middle signed-cutoff region,34,3366,3366,3366,3366,3366,100.000000,810,24.064171,2268,67.379679,288,715,21.241830,21.241830,2182,64.824718,64.824718,-0.434129,-1.000000
Brite,PM,Period1_2015_2017,6,finite99,4,bin 4/6: high signed-tail side,33,3267,3267,0,0,0,0.000000,0,0.000000,0,0.000000,0,0,0.000000,,0,0.000000,,,
Brite,PM,Period1_2015_2017,6,finite99,5,bin 5/6: high signed-tail side,33,3267,3267,2475,2357,2357,72.145699,1019,31.190695,660,20.202020,678,444,13.590450,18.837505,110,3.367003,4.666950,0.111839,0.000000
Brite,PM,Period1_2015_2017,6,finite99,6,bin 6/6: high signed-tail side,33,3267,3267,3267,3250,3250,99.479645,0,0.000000,2594,79.400061,656,0,0.000000,0.000000,2592,79.338843,79.753846,-0.793404,-1.000000
Brite,PM,Period2_2018_2020,6,finite99,1,bin 1/6: low signed-tail side,33,3267,3267,3267,3267,3267,100.000000,0,0.000000,2739,83.838384,528,0,0.000000,0.000000,2739,83.838384,83.838384,-0.837772,-1.000000
Brite,PM,Period2_2018_2020,6,finite99,2,bin 2/6: low signed-tail side,33,3267,3267,3267,3267,3267,100.000000,0,0.000000,2738,83.807775,529,0,0.000000,0.000000,2738,83.807775,83.807775,-0.837925,-1.000000
Brite,PM,Period2_2018_2020,6,finite99,3,bin 3/6: low-to-middle signed-cutoff region,34,3366,3366,3366,3366,3366,100.000000,605,17.973856,2346,69.696970,415,589,17.498515,17.498515,2256,67.023173,67.023173,-0.494314,-1.000000
Brite,PM,Period2_2018_2020,6,finite99,4,bin 4/6: high signed-tail side,33,3267,3267,0,0,0,0.000000,0,0.000000,0,0.000000,0,0,0.000000,,0,0.000000,,,
Brite,PM,Period2_2018_2020,6,finite99,5,bin 5/6: high signed-tail side,33,3267,3267,0,0,0,0.000000,0,0.000000,0,0.000000,0,0,0.000000,,0,0.000000,,,
Brite,PM,Period2_2018_2020,6,finite99,6,bin 6/6: high signed-tail side,33,3267,3267,2376,2237,2237,68.472605,368,11.264157,1313,40.189777,556,2,0.061218,0.089405,875,26.782981,39.114886,-0.399835,-0.083333
Brite,SM,Combo6yr,6,finite99,1,bin 1/6: low signed-tail side,33,3267,3267,3267,3267,3267,100.000000,0,0.000000,2761,84.511785,506,0,0.000000,0.000000,2761,84.511785,84.511785,-0.844812,-1.000000
Brite,SM,Combo6yr,6,finite99,2,bin 2/6: low signed-tail side,33,3267,3267,3267,3267,3267,100.000000,0,0.000000,2798,85.644322,469,0,0.000000,0.000000,2798,85.644322,85.644322,-0.856443,-1.000000
Brite,SM,Combo6yr,6,finite99,3,bin 3/6: low-to-middle signed-cutoff region,34,3366,3366,3366,3366,3366,100.000000,707,21.004159,2297,68.241236,362,698,20.736780,20.736780,2295,68.181818,68.181818,-0.485923,-1.000000
Brite,SM,Combo6yr,6,finite99,4,bin 4/6: high signed-tail side,33,3267,3267,3267,3267,3267,100.000000,1678,51.362106,1324,40.526477,265,0,0.000000,0.000000,0,0.000000,0.000000,-0.003236,0.000000
Brite,SM,Combo6yr,6,finite99,5,bin 5/6: high signed-tail side,33,3267,3267,3267,3267,3267,100.000000,2576,78.849097,373,11.417202,318,465,14.233242,14.233242,16,0.489746,0.489746,0.206532,0.145833
Brite,SM,Combo6yr,6,finite99,6,bin 6/6: high signed-tail side,33,3267,3267,3267,3267,3267,100.000000,2038,62.381390,960,29.384757,269,588,17.998163,17.998163,5,0.153046,0.153046,0.181222,0.076389
Brite,SM,Period1_2015_2017,6,finite99,1,bin 1/6: low signed-tail side,33,3267,3267,3267,3267,3267,100.000000,78,2.387511,2511,76.859504,678,10,0.306091,0.306091,2511,76.859504,76.859504,-0.742288,-1.000000
Brite,SM,Period1_2015_2017,6,finite99,2,bin 2/6: low signed-tail side,33,3267,3267,3267,3267,3267,100.000000,298,9.121518,2406,73.645546,563,201,6.152433,6.152433,2246,68.748087,68.748087,-0.586413,-0.937500
Brite,SM,Period1_2015_2017,6,finite99,3,bin 3/6: low-to-middle signed-cutoff region,34,3366,3366,3366,3366,3366,100.000000,406,12.061794,2572,76.411171,388,274,8.140226,8.140226,2414,71.717172,71.717172,-0.598848,-0.979167
Brite,SM,Period1_2015_2017,6,finite99,4,bin 4/6: high signed-tail side,33,3267,3267,3267,3267,3267,100.000000,1375,42.087542,1686,51.606979,206,0,0.000000,0.000000,0,0.000000,0.000000,-0.009564,-0.010417
Brite,SM,Period1_2015_2017,6,finite99,5,bin 5/6: high signed-tail side,33,3267,3267,3267,3267,3267,100.000000,2092,64.034282,890,27.242118,285,336,10.284665,10.284665,83,2.540557,2.540557,0.128833,0.062500
Brite,SM,Period1_2015_2017,6,finite99,6,bin 6/6: high signed-tail side,33,3267,3267,3267,3267,3267,100.000000,530,16.222834,2468,75.543312,269,72,2.203857,2.203857,1740,53.259871,53.259871,-0.406066,-0.500000
Brite,SM,Period2_2018_2020,6,finite99,1,bin 1/6: low signed-tail side,33,3267,3267,3267,3267,3267,100.000000,0,0.000000,2805,85.858586,462,0,0.000000,0.000000,2805,85.858586,85.858586,-0.858586,-1.000000
Brite,SM,Period2_2018_2020,6,finite99,2,bin 2/6: low signed-tail side,33,3267,3267,3267,3267,3267,100.000000,0,0.000000,2805,85.858586,462,0,0.000000,0.000000,2805,85.858586,85.858586,-0.858586,-1.000000
Brite,SM,Period2_2018_2020,6,finite99,3,bin 3/6: low-to-middle signed-cutoff region,34,3366,3366,3366,3366,3366,100.000000,786,23.351159,2209,65.626857,371,683,20.291147,20.291147,2198,65.300059,65.300059,-0.427026,-0.986111
Brite,SM,Period2_2018_2020,6,finite99,4,bin 4/6: high signed-tail side,33,3267,3267,3267,3267,3267,100.000000,1329,40.679522,1740,53.259871,198,0,0.000000,0.000000,0,0.000000,0.000000,-0.011249,-0.017361
Brite,SM,Period2_2018_2020,6,finite99,5,bin 5/6: high signed-tail side,33,3267,3267,3267,3267,3267,100.000000,1829,55.984083,1208,36.975819,230,0,0.000000,0.000000,0,0.000000,0.000000,0.006936,0.010417
Brite,SM,Period2_2018_2020,6,finite99,6,bin 6/6: high signed-tail side,33,3267,3267,3267,3267,3267,100.000000,2221,67.982859,701,21.456994,345,768,23.507805,23.507805,12,0.367309,0.367309,0.258261,0.277778
Formula,All,Combo6yr,6,finite99,1,bin 1/6: low signed-tail side,33,3267,3267,3267,3267,3267,100.000000,0,0.000000,3044,93.174166,223,0,0.000000,0.000000,3044,93.174166,93.174166,-0.927297,-1.000000
Formula,All,Combo6yr,6,finite99,2,bin 2/6: low signed-tail side,33,3267,3267,3267,3267,3267,100.000000,0,0.000000,3099,94.857668,168,0,0.000000,0.000000,2973,91.000918,91.000918,-0.912026,-1.000000
Formula,All,Combo6yr,6,finite99,3,bin 3/6: low-to-middle signed-cutoff region,34,3366,3366,3366,3366,3366,100.000000,1091,32.412359,2182,64.824718,93,946,28.104575,28.104575,2053,60.992276,60.992276,-0.315562,-0.902778
Formula,All,Combo6yr,6,finite99,4,bin 4/6: high signed-tail side,33,3267,3267,3267,3267,3267,100.000000,0,0.000000,0,0.000000,3267,0,0.000000,0.000000,0,0.000000,0.000000,0.000000,0.000000
Formula,All,Combo6yr,6,finite99,5,bin 5/6: high signed-tail side,33,3267,3267,3267,3267,3267,100.000000,1080,33.057851,258,7.897153,1929,465,14.233242,14.233242,6,0.183655,0.183655,0.129624,0.000000
Formula,All,Combo6yr,6,finite99,6,bin 6/6: high signed-tail side,33,3267,3267,3267,3264,3264,99.908173,2272,69.543924,180,5.509642,812,1191,36.455464,36.488971,56,1.714111,1.715686,0.332070,0.354167
Formula,All,Period1_2015_2017,6,finite99,1,bin 1/6: low signed-tail side,33,3267,3267,3267,3263,3263,99.877564,94,2.877257,2965,90.756045,204,94,2.877257,2.880785,2916,89.256198,89.365614,-0.788381,-0.972222
Formula,All,Period1_2015_2017,6,finite99,2,bin 2/6: low signed-tail side,33,3267,3267,3267,3267,3267,100.000000,144,4.407713,3027,92.653811,96,35,1.071319,1.071319,2950,90.296908,90.296908,-0.870785,-1.000000
Formula,All,Period1_2015_2017,6,finite99,3,bin 3/6: low-to-middle signed-cutoff region,34,3366,3366,3366,3358,3358,99.762329,86,2.554961,3222,95.721925,50,86,2.554961,2.561048,3104,92.216280,92.435974,-0.877872,-1.000000
Formula,All,Period1_2015_2017,6,finite99,4,bin 4/6: high signed-tail side,33,3267,3267,3267,3267,3267,100.000000,0,0.000000,0,0.000000,3267,0,0.000000,0.000000,0,0.000000,0.000000,0.000000,0.000000
Formula,All,Period1_2015_2017,6,finite99,5,bin 5/6: high signed-tail side,33,3267,3267,3267,3267,3267,100.000000,1071,32.782369,421,12.886440,1775,517,15.824916,15.824916,8,0.244873,0.244873,0.144141,0.000000
Formula,All,Period1_2015_2017,6,finite99,6,bin 6/6: high signed-tail side,33,3267,3267,3267,3265,3265,99.938782,2631,80.532599,2,0.061218,632,1845,56.473829,56.508423,0,0.000000,0.000000,0.482293,0.520833
Formula,All,Period2_2018_2020,6,finite99,1,bin 1/6: low signed-tail side,33,3267,3267,3267,3267,3267,100.000000,0,0.000000,3035,92.898684,232,0,0.000000,0.000000,3035,92.898684,92.898684,-0.902538,-0.986111
Formula,All,Period2_2018_2020,6,finite99,2,bin 2/6: low signed-tail side,33,3267,3267,3267,3266,3266,99.969391,0,0.000000,3035,92.898684,231,0,0.000000,0.000000,3035,92.898684,92.927128,-0.905948,-0.986111
Formula,All,Period2_2018_2020,6,finite99,3,bin 3/6: low-to-middle signed-cutoff region,34,3366,3366,3366,3364,3364,99.940582,1502,44.622698,1717,51.010101,145,1277,37.938206,37.960761,1439,42.751040,42.776457,-0.060337,-0.114583
Formula,All,Period2_2018_2020,6,finite99,4,bin 4/6: high signed-tail side,33,3267,3267,3267,3267,3267,100.000000,0,0.000000,0,0.000000,3267,0,0.000000,0.000000,0,0.000000,0.000000,0.000000,0.000000
Formula,All,Period2_2018_2020,6,finite99,5,bin 5/6: high signed-tail side,33,3267,3267,3267,3267,3267,100.000000,0,0.000000,0,0.000000,3267,0,0.000000,0.000000,0,0.000000,0.000000,0.000000,0.000000
Formula,All,Period2_2018_2020,6,finite99,6,bin 6/6: high signed-tail side,33,3267,3267,3267,3263,3263,99.877564,194,5.938170,555,16.988062,2514,9,0.275482,0.275820,149,4.560759,4.566350,-0.050490,0.000000
Formula,PM,Combo6yr,6,finite99,1,bin 1/6: low signed-tail side,33,3267,3267,3267,3267,3267,100.000000,0,0.000000,2909,89.041934,358,0,0.000000,0.000000,2909,89.041934,89.041934,-0.884368,-1.000000
Formula,PM,Combo6yr,6,finite99,2,bin 2/6: low signed-tail side,33,3267,3267,3267,3267,3267,100.000000,0,0.000000,2994,91.643710,273,0,0.000000,0.000000,2994,91.643710,91.643710,-0.915334,-1.000000
Formula,PM,Combo6yr,6,finite99,3,bin 3/6: low-to-middle signed-cutoff region,34,3366,3366,3366,3366,3366,100.000000,1007,29.916815,2216,65.834819,143,840,24.955437,24.955437,2087,62.002377,62.002377,-0.368875,-0.909722
Formula,PM,Combo6yr,6,finite99,4,bin 4/6: high signed-tail side,33,3267,3267,0,0,0,0.000000,0,0.000000,0,0.000000,0,0,0.000000,,0,0.000000,,,
Formula,PM,Combo6yr,6,finite99,5,bin 5/6: high signed-tail side,33,3267,3267,2475,2374,2374,72.666054,966,29.568411,98,2.999694,1310,764,23.385369,32.181971,1,0.030609,0.042123,0.279684,0.000000
Formula,PM,Combo6yr,6,finite99,6,bin 6/6: high signed-tail side,33,3267,3267,3267,3258,3258,99.724518,904,27.670646,1762,53.933272,592,431,13.192531,13.228975,941,28.803183,28.882750,-0.153424,-0.111111
Formula,PM,Period1_2015_2017,6,finite99,1,bin 1/6: low signed-tail side,33,3267,3267,3267,3267,3267,100.000000,159,4.866850,2793,85.491276,315,91,2.785430,2.785430,1956,59.871442,59.871442,-0.582572,-0.756944
Formula,PM,Period1_2015_2017,6,finite99,2,bin 2/6: low signed-tail side,33,3267,3267,3267,3266,3266,99.969391,0,0.000000,3117,95.408632,149,0,0.000000,0.000000,2949,90.266299,90.293938,-0.860563,-1.000000
Formula,PM,Period1_2015_2017,6,finite99,3,bin 3/6: low-to-middle signed-cutoff region,34,3366,3366,3366,3356,3356,99.702911,620,18.419489,2636,78.312537,100,241,7.159834,7.181168,2051,60.932858,61.114422,-0.509016,-0.722222
Formula,PM,Period1_2015_2017,6,finite99,4,bin 4/6: high signed-tail side,33,3267,3267,0,0,0,0.000000,0,0.000000,0,0.000000,0,0,0.000000,,0,0.000000,,,
Formula,PM,Period1_2015_2017,6,finite99,5,bin 5/6: high signed-tail side,33,3267,3267,2475,2374,2374,72.666054,938,28.711356,137,4.193450,1299,769,23.538414,32.392586,0,0.000000,0.000000,0.277488,0.000000
Formula,PM,Period1_2015_2017,6,finite99,6,bin 6/6: high signed-tail side,33,3267,3267,3267,3260,3260,99.785736,979,29.966330,1713,52.433425,568,507,15.518825,15.552147,812,24.854607,24.907975,-0.105676,-0.048611
Formula,PM,Period2_2018_2020,6,finite99,1,bin 1/6: low signed-tail side,33,3267,3267,3267,3267,3267,100.000000,0,0.000000,2850,87.235996,417,0,0.000000,0.000000,2850,87.235996,87.235996,-0.871187,-1.000000
Formula,PM,Period2_2018_2020,6,finite99,2,bin 2/6: low signed-tail side,33,3267,3267,3267,3267,3267,100.000000,0,0.000000,2854,87.358433,413,0,0.000000,0.000000,2854,87.358433,87.358433,-0.872062,-1.000000
Formula,PM,Period2_2018_2020,6,finite99,3,bin 3/6: low-to-middle signed-cutoff region,34,3366,3366,3366,3364,3364,99.940582,1011,30.035651,2167,64.379085,186,833,24.747475,24.762188,1974,58.645276,58.680143,-0.328067,-0.934028
Formula,PM,Period2_2018_2020,6,finite99,4,bin 4/6: high signed-tail side,33,3267,3267,0,0,0,0.000000,0,0.000000,0,0.000000,0,0,0.000000,,0,0.000000,,,
Formula,PM,Period2_2018_2020,6,finite99,5,bin 5/6: high signed-tail side,33,3267,3267,0,0,0,0.000000,0,0.000000,0,0.000000,0,0,0.000000,,0,0.000000,,,
Formula,PM,Period2_2018_2020,6,finite99,6,bin 6/6: high signed-tail side,33,3267,3267,2376,2246,2246,68.748087,531,16.253444,833,25.497398,882,83,2.540557,3.695459,352,10.774411,15.672306,-0.104675,0.000000
Formula,SM,Combo6yr,6,finite99,1,bin 1/6: low signed-tail side,33,3267,3267,3267,3267,3267,100.000000,1274,38.996021,1603,49.066422,390,230,7.040098,7.040098,1145,35.047444,35.047444,-0.206818,0.000000
Formula,SM,Combo6yr,6,finite99,2,bin 2/6: low signed-tail side,33,3267,3267,3267,3267,3267,100.000000,269,8.233854,2693,82.430364,305,152,4.652586,4.652586,2562,78.420569,78.420569,-0.718704,-0.993056
Formula,SM,Combo6yr,6,finite99,3,bin 3/6: low-to-middle signed-cutoff region,34,3366,3366,3366,3366,3366,100.000000,1570,46.642900,1624,48.247178,172,1324,39.334522,39.334522,1478,43.909685,43.909685,-0.041347,0.000000
Formula,SM,Combo6yr,6,finite99,4,bin 4/6: high signed-tail side,33,3267,3267,3267,3267,3267,100.000000,0,0.000000,0,0.000000,3267,0,0.000000,0.000000,0,0.000000,0.000000,0.000000,0.000000
Formula,SM,Combo6yr,6,finite99,5,bin 5/6: high signed-tail side,33,3267,3267,3267,3267,3267,100.000000,1163,35.598408,209,6.397306,1895,782,23.936333,23.936333,0,0.000000,0.000000,0.223034,0.000000
Formula,SM,Combo6yr,6,finite99,6,bin 6/6: high signed-tail side,33,3267,3267,3267,3266,3266,99.969391,2277,69.696970,0,0.000000,989,2274,69.605142,69.626454,0,0.000000,0.000000,0.655569,0.937500
Formula,SM,Period1_2015_2017,6,finite99,1,bin 1/6: low signed-tail side,33,3267,3267,3267,3266,3266,99.969391,2612,79.951025,267,8.172635,387,2230,68.258341,68.279241,63,1.928375,1.928965,0.580480,0.805556
Formula,SM,Period1_2015_2017,6,finite99,2,bin 2/6: low signed-tail side,33,3267,3267,3267,3265,3265,99.938782,1361,41.659014,1706,52.219161,198,1213,37.128864,37.151608,1328,40.648913,40.673813,-0.076642,-0.131944
Formula,SM,Period1_2015_2017,6,finite99,3,bin 3/6: low-to-middle signed-cutoff region,34,3366,3366,3366,3358,3358,99.762329,2294,68.152109,928,27.569816,136,1670,49.613785,49.731983,485,14.408794,14.443121,0.341320,0.472222
Formula,SM,Period1_2015_2017,6,finite99,4,bin 4/6: high signed-tail side,33,3267,3267,3267,3267,3267,100.000000,0,0.000000,0,0.000000,3267,0,0.000000,0.000000,0,0.000000,0.000000,0.000000,0.000000
Formula,SM,Period1_2015_2017,6,finite99,5,bin 5/6: high signed-tail side,33,3267,3267,3267,3267,3267,100.000000,1264,38.689930,269,8.233854,1734,896,27.425773,27.425773,3,0.091827,0.091827,0.248715,0.000000
Formula,SM,Period1_2015_2017,6,finite99,6,bin 6/6: high signed-tail side,33,3267,3267,3267,3266,3266,99.969391,2479,75.880012,0,0.000000,787,2476,75.788185,75.811390,0,0.000000,0.000000,0.721869,0.979167
Formula,SM,Period2_2018_2020,6,finite99,1,bin 1/6: low signed-tail side,33,3267,3267,3267,3267,3267,100.000000,46,1.408020,2803,85.797368,418,0,0.000000,0.000000,1259,38.536884,38.536884,-0.413074,-0.375000
Formula,SM,Period2_2018_2020,6,finite99,2,bin 2/6: low signed-tail side,33,3267,3267,3267,3267,3267,100.000000,127,3.887358,2729,83.532293,411,0,0.000000,0.000000,1402,42.913988,42.913988,-0.436507,-0.430556
Formula,SM,Period2_2018_2020,6,finite99,3,bin 3/6: low-to-middle signed-cutoff region,34,3366,3366,3366,3365,3365,99.970291,1561,46.375520,1573,46.732026,231,1433,42.572787,42.585438,1519,45.127748,45.141159,-0.041213,0.000000
Formula,SM,Period2_2018_2020,6,finite99,4,bin 4/6: high signed-tail side,33,3267,3267,3267,3267,3267,100.000000,0,0.000000,0,0.000000,3267,0,0.000000,0.000000,0,0.000000,0.000000,0.000000,0.000000
Formula,SM,Period2_2018_2020,6,finite99,5,bin 5/6: high signed-tail side,33,3267,3267,3267,3267,3267,100.000000,0,0.000000,0,0.000000,3267,0,0.000000,0.000000,0,0.000000,0.000000,0.000000,0.000000
Formula,SM,Period2_2018_2020,6,finite99,6,bin 6/6: high signed-tail side,33,3267,3267,3267,3264,3264,99.908173,644,19.712274,36,1.101928,2584,345,10.560147,10.569853,0,0.000000,0.000000,0.097054,0.000000
Pathway,All,Combo6yr,6,finite99,1,bin 1/6: low signed-tail side,33,3267,3267,3267,3267,3267,100.000000,0,0.000000,3135,95.959596,132,0,0.000000,0.000000,3135,95.959596,95.959596,-0.959596,-1.000000
Pathway,All,Combo6yr,6,finite99,2,bin 2/6: low signed-tail side,33,3267,3267,3267,3267,3267,100.000000,0,0.000000,3149,96.388124,118,0,0.000000,0.000000,3149,96.388124,96.388124,-0.963881,-1.000000
Pathway,All,Combo6yr,6,finite99,3,bin 3/6: low-to-middle signed-cutoff region,34,3366,3366,3366,3366,3366,100.000000,679,20.172311,2605,77.391563,82,679,20.172311,20.172311,2605,77.391563,77.391563,-0.561079,-1.000000
Pathway,All,Combo6yr,6,finite99,4,bin 4/6: high signed-tail side,33,3267,3267,3267,3267,3267,100.000000,1269,38.842975,1513,46.311601,485,0,0.000000,0.000000,0,0.000000,0.000000,-0.008584,0.000000
Pathway,All,Combo6yr,6,finite99,5,bin 5/6: high signed-tail side,33,3267,3267,3267,3267,3267,100.000000,1821,55.739210,1022,31.282522,424,383,11.723294,11.723294,181,5.540251,5.540251,0.067580,0.010417
Pathway,All,Combo6yr,6,finite99,6,bin 6/6: high signed-tail side,33,3267,3267,3267,3261,3261,99.816345,355,10.866238,2624,80.318335,282,275,8.417508,8.432996,2564,78.481788,78.626188,-0.674463,-1.000000
Pathway,All,Period1_2015_2017,6,finite99,1,bin 1/6: low signed-tail side,33,3267,3267,3267,3267,3267,100.000000,0,0.000000,3155,96.571778,112,0,0.000000,0.000000,3155,96.571778,96.571778,-0.965259,-1.000000
Pathway,All,Period1_2015_2017,6,finite99,2,bin 2/6: low signed-tail side,33,3267,3267,3267,3267,3267,100.000000,0,0.000000,3198,97.887971,69,0,0.000000,0.000000,3198,97.887971,97.887971,-0.978880,-1.000000
Pathway,All,Period1_2015_2017,6,finite99,3,bin 3/6: low-to-middle signed-cutoff region,34,3366,3366,3366,3366,3366,100.000000,1873,55.644682,1443,42.869875,50,1808,53.713607,53.713607,1394,41.414141,41.414141,0.107263,0.760417
Pathway,All,Period1_2015_2017,6,finite99,4,bin 4/6: high signed-tail side,33,3267,3267,3267,3267,3267,100.000000,1366,41.812060,1499,45.883073,402,0,0.000000,0.000000,0,0.000000,0.000000,0.000874,0.000000
Pathway,All,Period1_2015_2017,6,finite99,5,bin 5/6: high signed-tail side,33,3267,3267,3267,3267,3267,100.000000,1744,53.382308,1132,34.649526,391,342,10.468320,10.468320,221,6.764616,6.764616,0.036735,0.020833
Pathway,All,Period1_2015_2017,6,finite99,6,bin 6/6: high signed-tail side,33,3267,3267,3267,3260,3260,99.785736,358,10.958066,2647,81.022345,255,274,8.386899,8.404908,2563,78.451178,78.619632,-0.684569,-1.000000
Pathway,All,Period2_2018_2020,6,finite99,1,bin 1/6: low signed-tail side,33,3267,3267,3267,3267,3267,100.000000,0,0.000000,3135,95.959596,132,0,0.000000,0.000000,3135,95.959596,95.959596,-0.959596,-1.000000
Pathway,All,Period2_2018_2020,6,finite99,2,bin 2/6: low signed-tail side,33,3267,3267,3267,3267,3267,100.000000,0,0.000000,3135,95.959596,132,0,0.000000,0.000000,3135,95.959596,95.959596,-0.959596,-1.000000
Pathway,All,Period2_2018_2020,6,finite99,3,bin 3/6: low-to-middle signed-cutoff region,34,3366,3366,3366,3366,3366,100.000000,579,17.201426,2684,79.738562,103,526,15.626857,15.626857,2683,79.708853,79.708853,-0.644309,-1.000000
Pathway,All,Period2_2018_2020,6,finite99,4,bin 4/6: high signed-tail side,33,3267,3267,3267,3267,3267,100.000000,1264,38.689930,1631,49.923477,372,0,0.000000,0.000000,0,0.000000,0.000000,-0.005876,0.000000
Pathway,All,Period2_2018_2020,6,finite99,5,bin 5/6: high signed-tail side,33,3267,3267,3267,3267,3267,100.000000,744,22.773186,2125,65.044383,398,0,0.000000,0.000000,0,0.000000,0.000000,-0.029963,-0.024306
Pathway,All,Period2_2018_2020,6,finite99,6,bin 6/6: high signed-tail side,33,3267,3267,3267,3256,3256,99.663300,904,27.670646,1941,59.412305,411,184,5.632078,5.651106,1110,33.976125,34.090909,-0.288511,-0.072917
Pathway,PM,Combo6yr,6,finite99,1,bin 1/6: low signed-tail side,33,3267,3267,3267,3267,3267,100.000000,0,0.000000,3102,94.949495,165,0,0.000000,0.000000,3102,94.949495,94.949495,-0.949495,-1.000000
Pathway,PM,Combo6yr,6,finite99,2,bin 2/6: low signed-tail side,33,3267,3267,3267,3267,3267,100.000000,0,0.000000,3132,95.867769,135,0,0.000000,0.000000,3132,95.867769,95.867769,-0.958219,-1.000000
Pathway,PM,Combo6yr,6,finite99,3,bin 3/6: low-to-middle signed-cutoff region,34,3366,3366,3366,3366,3366,100.000000,776,23.054070,2504,74.390969,86,776,23.054070,23.054070,2504,74.390969,74.390969,-0.521029,-1.000000
Pathway,PM,Combo6yr,6,finite99,4,bin 4/6: high signed-tail side,33,3267,3267,0,0,0,0.000000,0,0.000000,0,0.000000,0,0,0.000000,,0,0.000000,,,
Pathway,PM,Combo6yr,6,finite99,5,bin 5/6: high signed-tail side,33,3267,3267,2475,2338,2338,71.564126,1370,41.934496,570,17.447199,398,645,19.742883,27.587682,138,4.224059,5.902481,0.179700,0.086806
Pathway,PM,Combo6yr,6,finite99,6,bin 6/6: high signed-tail side,33,3267,3267,3267,3243,3243,99.265381,270,8.264463,2715,83.103765,258,263,8.050199,8.109775,2617,80.104071,80.696886,-0.718301,-1.000000
Pathway,PM,Period1_2015_2017,6,finite99,1,bin 1/6: low signed-tail side,33,3267,3267,3267,3267,3267,100.000000,0,0.000000,3155,96.571778,112,0,0.000000,0.000000,3155,96.571778,96.571778,-0.965412,-1.000000
Pathway,PM,Period1_2015_2017,6,finite99,2,bin 2/6: low signed-tail side,33,3267,3267,3267,3267,3267,100.000000,0,0.000000,3198,97.887971,69,0,0.000000,0.000000,3198,97.887971,97.887971,-0.978727,-1.000000
Pathway,PM,Period1_2015_2017,6,finite99,3,bin 3/6: low-to-middle signed-cutoff region,34,3366,3366,3366,3366,3366,100.000000,1858,55.199049,1461,43.404635,47,1715,50.950683,50.950683,1404,41.711230,41.711230,0.082989,0.555556
Pathway,PM,Period1_2015_2017,6,finite99,4,bin 4/6: high signed-tail side,33,3267,3267,0,0,0,0.000000,0,0.000000,0,0.000000,0,0,0.000000,,0,0.000000,,,
Pathway,PM,Period1_2015_2017,6,finite99,5,bin 5/6: high signed-tail side,33,3267,3267,2475,2338,2338,71.564126,1349,41.291705,596,18.243036,393,607,18.579737,25.962361,145,4.438323,6.201882,0.187745,0.159722
Pathway,PM,Period1_2015_2017,6,finite99,6,bin 6/6: high signed-tail side,33,3267,3267,3267,3243,3243,99.265381,341,10.437710,2645,80.961126,257,263,8.050199,8.109775,2636,80.685644,81.282763,-0.715385,-1.000000
Pathway,PM,Period2_2018_2020,6,finite99,1,bin 1/6: low signed-tail side,33,3267,3267,3267,3267,3267,100.000000,0,0.000000,3069,93.939394,198,0,0.000000,0.000000,3069,93.939394,93.939394,-0.939394,-1.000000
Pathway,PM,Period2_2018_2020,6,finite99,2,bin 2/6: low signed-tail side,33,3267,3267,3267,3267,3267,100.000000,0,0.000000,3069,93.939394,198,0,0.000000,0.000000,3069,93.939394,93.939394,-0.939394,-1.000000
Pathway,PM,Period2_2018_2020,6,finite99,3,bin 3/6: low-to-middle signed-cutoff region,34,3366,3366,3366,3366,3366,100.000000,580,17.231135,2673,79.411765,113,580,17.231135,17.231135,2673,79.411765,79.411765,-0.624787,-1.000000
Pathway,PM,Period2_2018_2020,6,finite99,4,bin 4/6: high signed-tail side,33,3267,3267,0,0,0,0.000000,0,0.000000,0,0.000000,0,0,0.000000,,0,0.000000,,,
Pathway,PM,Period2_2018_2020,6,finite99,5,bin 5/6: high signed-tail side,33,3267,3267,0,0,0,0.000000,0,0.000000,0,0.000000,0,0,0.000000,,0,0.000000,,,
Pathway,PM,Period2_2018_2020,6,finite99,6,bin 6/6: high signed-tail side,33,3267,3267,2376,2164,2164,66.238139,575,17.600245,1335,40.863177,254,1,0.030609,0.046211,899,27.517600,41.543438,-0.419516,-0.194444
Pathway,SM,Combo6yr,6,finite99,1,bin 1/6: low signed-tail side,33,3267,3267,3267,3267,3267,100.000000,0,0.000000,3074,94.092440,193,0,0.000000,0.000000,3074,94.092440,94.092440,-0.940771,-1.000000
Pathway,SM,Combo6yr,6,finite99,2,bin 2/6: low signed-tail side,33,3267,3267,3267,3267,3267,100.000000,0,0.000000,3109,95.163759,158,0,0.000000,0.000000,3109,95.163759,95.163759,-0.951638,-1.000000
Pathway,SM,Combo6yr,6,finite99,3,bin 3/6: low-to-middle signed-cutoff region,34,3366,3366,3366,3366,3366,100.000000,1193,35.442662,2057,61.111111,116,1087,32.293523,32.293523,1974,58.645276,58.645276,-0.254481,-1.000000
Pathway,SM,Combo6yr,6,finite99,4,bin 4/6: high signed-tail side,33,3267,3267,3267,3267,3267,100.000000,1275,39.026630,1520,46.525865,472,0,0.000000,0.000000,0,0.000000,0.000000,-0.008953,0.000000
Pathway,SM,Combo6yr,6,finite99,5,bin 5/6: high signed-tail side,33,3267,3267,3267,3267,3267,100.000000,2071,63.391491,773,23.660851,423,769,23.538414,23.538414,2,0.061218,0.061218,0.256813,0.187500
Pathway,SM,Combo6yr,6,finite99,6,bin 6/6: high signed-tail side,33,3267,3267,3267,3261,3261,99.816345,1150,35.200490,1782,54.545455,329,803,24.579125,24.624348,1433,43.862871,43.943576,-0.180106,-0.180556
Pathway,SM,Period1_2015_2017,6,finite99,1,bin 1/6: low signed-tail side,33,3267,3267,3267,3267,3267,100.000000,0,0.000000,3109,95.163759,158,0,0.000000,0.000000,3109,95.163759,95.163759,-0.951638,-1.000000
Pathway,SM,Period1_2015_2017,6,finite99,2,bin 2/6: low signed-tail side,33,3267,3267,3267,3267,3267,100.000000,0,0.000000,3171,97.061524,96,0,0.000000,0.000000,3171,97.061524,97.061524,-0.967467,-1.000000
Pathway,SM,Period1_2015_2017,6,finite99,3,bin 3/6: low-to-middle signed-cutoff region,34,3366,3366,3366,3366,3366,100.000000,1764,52.406417,1531,45.484254,71,1708,50.742721,50.742721,1464,43.493761,43.493761,0.071406,0.805556
Pathway,SM,Period1_2015_2017,6,finite99,4,bin 4/6: high signed-tail side,33,3267,3267,3267,3267,3267,100.000000,1449,44.352617,1419,43.434343,399,0,0.000000,0.000000,0,0.000000,0.000000,0.001626,0.000000
Pathway,SM,Period1_2015_2017,6,finite99,5,bin 5/6: high signed-tail side,33,3267,3267,3267,3267,3267,100.000000,2066,63.238445,811,24.823998,390,704,21.548822,21.548822,29,0.887665,0.887665,0.208111,0.083333
Pathway,SM,Period1_2015_2017,6,finite99,6,bin 6/6: high signed-tail side,33,3267,3267,3267,3259,3259,99.755127,1218,37.281910,1741,53.290481,300,765,23.415978,23.473458,1424,43.587389,43.694385,-0.191271,-0.312500
Pathway,SM,Period2_2018_2020,6,finite99,1,bin 1/6: low signed-tail side,33,3267,3267,3267,3267,3267,100.000000,0,0.000000,3069,93.939394,198,0,0.000000,0.000000,3069,93.939394,93.939394,-0.939394,-1.000000
Pathway,SM,Period2_2018_2020,6,finite99,2,bin 2/6: low signed-tail side,33,3267,3267,3267,3267,3267,100.000000,0,0.000000,3069,93.939394,198,0,0.000000,0.000000,3069,93.939394,93.939394,-0.939394,-1.000000
Pathway,SM,Period2_2018_2020,6,finite99,3,bin 3/6: low-to-middle signed-cutoff region,34,3366,3366,3366,3366,3366,100.000000,807,23.975045,2415,71.746881,144,708,21.033868,21.033868,2190,65.062389,65.062389,-0.447956,-1.000000
Pathway,SM,Period2_2018_2020,6,finite99,4,bin 4/6: high signed-tail side,33,3267,3267,3267,3267,3267,100.000000,1412,43.220080,1488,45.546373,367,0,0.000000,0.000000,0,0.000000,0.000000,-0.004685,0.000000
Pathway,SM,Period2_2018_2020,6,finite99,5,bin 5/6: high signed-tail side,33,3267,3267,3267,3267,3267,100.000000,1774,54.300582,1107,33.884298,386,0,0.000000,0.000000,0,0.000000,0.000000,0.016703,0.010417
Pathway,SM,Period2_2018_2020,6,finite99,6,bin 6/6: high signed-tail side,33,3267,3267,3267,3256,3256,99.663300,1507,46.127946,1314,40.220386,435,673,20.599939,20.669533,204,6.244261,6.265356,0.106752,0.000000
